Kind,Name,AvgCyclomatic,CountDeclFile,CountLine,CountLineBlank,CountLineCode,CountLineComment,CountStmt,CountStmtDecl,CountStmtExe,Cyclomatic,RatioCommentToCode,AvgCountLine,AvgCountLineBlank,AvgCountLineCode,AvgCountLineComment,CountClassBase,CountClassCoupled,CountClassCoupledModified,CountClassDerived,CountDeclClass,CountDeclClassMethod,CountDeclClassVariable,CountDeclExecutableUnit,CountDeclFunction,CountDeclInstanceMethod,CountDeclInstanceVariable,CountDeclMethod,CountDeclMethodAll,CountDeclMethodDefault,CountDeclMethodPrivate,CountDeclMethodProtected,CountDeclMethodPublic,CountInput,CountLineCodeDecl,CountLineCodeExe,CountOutput,CountSemicolon,MaxCyclomatic,MaxInheritanceTree,MaxNesting,PercentLackOfCohesion,PercentLackOfCohesionModified,SumCyclomatic,CountDeclInstanceVariablePrivate,CountDeclInstanceVariableProtected,CountDeclInstanceVariablePublic,CountCCViol,CountCCViolType,CCViolDensityLine,CCViolDensityCode
File,"ApplicationTests.java",1,,60,9,51,3,33,27,13,,"0,06",9,0,9,1,,,,,1,0,0,3,3,3,2,3,,0,0,0,3,,41,16,,29,1,,0,,,3,,,,0,0,"0,00","0,00"
File,"ApplicationTests.java",1,,43,8,35,2,22,20,4,,"0,06",6,0,6,1,,,,,1,0,0,2,2,2,1,2,,0,0,0,2,,30,5,,19,1,,0,,,2,,,,0,0,"0,00","0,00"
File,"AsyncCallTests.java",1,,84,23,58,3,46,32,20,,"0,05",7,2,6,0,,,,,1,0,3,6,6,5,3,5,,0,2,0,3,,35,26,,40,1,,0,,,6,,,,0,0,"0,00","0,00"
File,"AuthserverApplication.java",1,,37,7,29,1,19,15,5,,"0,03",3,0,3,0,,,,,1,1,1,3,3,1,0,2,,0,0,0,2,,21,5,,16,1,,0,,,3,,,,0,0,"0,00","0,00"
File,"ConfigServerApplication.java",1,,27,5,22,0,17,16,3,,"0,00",5,1,4,0,,,,,1,1,1,1,1,0,0,1,,0,0,0,1,,19,3,,15,1,,0,,,1,,,,0,0,"0,00","0,00"
File,"ConfigServerApplicationTests.java",1,,19,4,14,1,8,8,0,,"0,07",3,0,3,0,,,,,1,0,0,1,1,1,0,1,,0,0,0,1,,12,0,,6,1,,0,,,1,,,,0,0,"0,00","0,00"
File,"CpuCruncherBean.java",2,,66,17,49,0,37,20,22,,"0,00",15,3,11,0,,,,,1,0,1,3,3,3,2,3,,0,0,0,3,,25,23,,30,4,,1,,,6,,,,0,0,"0,00","0,00"
File,"EurekaApplication.java",1,,17,4,13,0,8,7,1,,"0,00",3,0,3,0,,,,,1,1,0,1,1,0,0,1,,0,0,0,1,,10,1,,6,1,,0,,,1,,,,0,0,"0,00","0,00"
File,"HystrixDashboardApplication.java",1,,40,8,31,1,20,15,6,,"0,03",3,0,3,0,,,,,1,1,1,4,4,2,0,3,,0,0,1,2,,21,6,,16,1,,0,,,4,,,,0,0,"0,00","0,00"
File,"LambdaServletFilter.java",1,,14,3,8,3,7,7,0,,"0,38",1,0,1,0,,,,,1,0,0,2,2,2,0,2,,0,0,0,2,,7,0,,4,1,,0,,,2,,,,0,0,"0,00","0,00"
File,"Product.java",1,,49,10,36,3,26,15,11,,"0,08",3,0,3,0,,,,,1,0,0,9,9,9,4,9,,0,0,0,9,,15,11,,16,1,,0,,,9,,,,0,0,"0,00","0,00"
File,"ProductAggregated.java",1,,70,14,49,7,37,23,17,,"0,14",5,0,4,0,,,,,1,0,0,9,9,7,6,7,,0,0,0,7,,23,21,,27,5,,1,,,13,,,,0,0,"0,00","0,00"
File,"ProductCompositeIntegration.java",2,,261,47,137,80,105,55,63,,"0,58",12,2,9,2,,,,,4,0,1,12,12,12,4,12,,0,4,0,8,,60,80,,86,3,,1,,,20,,,,0,0,"0,00","0,00"
File,"ProductCompositeService.java",2,,128,23,95,10,71,45,36,,"0,11",8,1,7,1,,,,,1,0,1,10,10,7,2,7,,0,3,0,4,,51,44,,58,3,,2,,,15,,,,0,0,"0,00","0,00"
File,"ProductCompositeServiceApplication.java",1,,45,9,35,1,23,19,6,,"0,03",4,1,3,0,,,,,1,1,1,3,3,1,0,2,,1,0,0,1,,27,6,,20,1,,0,,,3,,,,0,0,"0,00","0,00"
File,"ProductCompositeServiceApplicationTests.java",1,,21,4,16,1,9,9,0,,"0,06",3,0,3,0,,,,,1,0,0,1,1,1,0,1,,0,0,0,1,,14,0,,7,1,,0,,,1,,,,0,0,"0,00","0,00"
File,"ProductService.java",1,,86,16,53,17,38,25,15,,"0,32",12,2,7,4,,,,,1,0,1,4,4,4,3,4,,0,1,0,3,,33,16,,32,2,,1,,,5,,,,0,0,"0,00","0,00"
File,"ProductServiceApplication.java",1,,33,8,24,1,17,14,5,,"0,04",4,1,3,0,,,,,1,1,1,2,2,0,0,1,,0,0,0,1,,18,5,,15,1,,0,,,2,,,,0,0,"0,00","0,00"
File,"ProductServiceApplicationTests.java",1,,21,4,16,1,9,9,0,,"0,06",3,0,3,0,,,,,1,0,0,1,1,1,0,1,,0,0,0,1,,14,0,,7,1,,0,,,1,,,,0,0,"0,00","0,00"
File,"Recommendation.java",1,,69,14,52,3,38,21,17,,"0,06",3,0,3,0,,,,,1,0,0,13,13,13,6,13,,0,0,0,13,,21,17,,24,1,,0,,,13,,,,0,0,"0,00","0,00"
File,"RecommendationService.java",1,,104,20,59,25,43,27,19,,"0,42",14,2,9,4,,,,,1,0,1,4,4,4,3,4,,0,1,0,3,,36,20,,37,2,,1,,,5,,,,0,0,"0,00","0,00"
File,"RecommendationServiceApplication.java",1,,32,8,23,1,16,13,5,,"0,04",4,1,3,0,,,,,1,1,1,2,2,0,0,1,,0,0,0,1,,17,5,,14,1,,0,,,2,,,,0,0,"0,00","0,00"
File,"RecommendationServiceApplicationTests.java",1,,21,4,16,1,9,9,0,,"0,06",3,0,3,0,,,,,1,0,0,1,1,1,0,1,,0,0,0,1,,14,0,,7,1,,0,,,1,,,,0,0,"0,00","0,00"
File,"RecommendationSummary.java",1,,29,6,20,3,15,9,6,,"0,15",4,0,4,0,,,,,1,0,0,4,4,4,3,4,,0,0,0,4,,9,6,,10,1,,0,,,4,,,,0,0,"0,00","0,00"
File,"Review.java",1,,69,14,52,3,38,21,17,,"0,06",3,0,3,0,,,,,1,0,0,13,13,13,6,13,,0,0,0,13,,21,17,,24,1,,0,,,13,,,,0,0,"0,00","0,00"
File,"ReviewService.java",1,,112,22,65,25,47,29,21,,"0,38",16,3,10,4,,,,,1,0,1,4,4,4,4,4,,0,1,0,3,,40,22,,41,2,,1,,,5,,,,0,0,"0,00","0,00"
File,"ReviewServiceApplication.java",1,,37,8,28,1,21,18,5,,"0,04",4,1,3,0,,,,,1,1,1,2,2,0,0,1,,0,0,0,1,,22,5,,19,1,,0,,,2,,,,0,0,"0,00","0,00"
File,"ReviewServiceApplicationTests.java",1,,27,4,22,1,9,9,0,,"0,05",3,0,3,0,,,,,1,0,0,1,1,1,0,1,,0,0,0,1,,20,0,,7,1,,0,,,1,,,,0,0,"0,00","0,00"
File,"ReviewSummary.java",1,,29,6,20,3,15,9,6,,"0,15",4,0,4,0,,,,,1,0,0,4,4,4,3,4,,0,0,0,4,,9,6,,10,1,,0,,,4,,,,0,0,"0,00","0,00"
File,"ServiceAddresses.java",1,,37,7,27,3,20,12,8,,"0,11",3,0,3,0,,,,,1,0,0,6,6,6,4,6,,0,0,0,6,,12,8,,13,1,,0,,,6,,,,0,0,"0,00","0,00"
File,"ServiceUtils.java",2,,135,24,79,32,55,30,28,,"0,41",10,1,7,3,,,,,1,0,1,9,9,9,3,9,,0,0,1,8,,34,34,,39,4,,2,,,15,,,,0,0,"0,00","0,00"
File,"ServiceUtilsTests.java",1,,54,14,40,0,25,14,16,,"0,00",21,4,17,0,,,,,1,0,0,2,2,2,0,2,,0,0,0,2,,16,18,,21,1,,1,,,2,,,,0,0,"0,00","0,00"
File,"SetProcTimeBean.java",2,,46,10,36,0,25,15,12,,"0,00",8,1,7,0,,,,,1,0,1,3,3,3,2,3,,0,0,0,3,,20,12,,19,3,,1,,,5,,,,0,0,"0,00","0,00"
File,"TurbineApplication.java",1,,36,8,27,1,20,17,5,,"0,04",4,1,3,0,,,,,1,1,1,2,2,0,0,1,,0,0,0,1,,21,5,,18,1,,0,,,2,,,,0,0,"0,00","0,00"
File,"ZipkinServerApplication.java",1,,14,3,11,0,7,6,1,,"0,00",3,0,3,0,,,,,1,1,0,1,1,0,0,1,,0,0,0,1,,8,1,,5,1,,0,,,1,,,,0,0,"0,00","0,00"
File,"ZipkinServerApplicationTests.java",1,,39,7,16,16,9,9,0,,"1,00",3,0,3,0,,,,,1,0,0,1,1,1,0,1,,0,0,0,1,,14,0,,7,1,,0,,,1,,,,0,0,"0,00","0,00"
File,"ZuulApplication.java",1,,48,9,37,2,27,18,11,,"0,05",6,1,5,0,,,,,1,1,1,3,3,1,0,2,,0,0,0,2,,24,12,,24,1,,0,,,3,,,,0,0,"0,00","0,00"
Unknown Annotation,"com.netflix.hystrix.contrib.javanica.annotation.HystrixCommand",,,,,,,,,,,"0,00",,,,,,,,,,,,,,,,,,,,,,,,,,,,,,,,,,,,,,,
File,"defaultLogbackConfig.xml",0,,35,4,24,7,0,0,0,0,"0,29",0,0,0,0,,,,,0,,,0,0,,,,,,,,,,,,,,0,,0,,,0,,,,0,0,"0,00","0,00"
Unknown Annotation,"javax.inject.Inject",,,,,,,,,,,"0,00",,,,,,,,,,,,,,,,,,,,,,,,,,,,,,,,,,,,,,,
Unknown Annotation,"javax.ws.rs.Consumes",,,,,,,,,,,"0,00",,,,,,,,,,,,,,,,,,,,,,,,,,,,,,,,,,,,,,,
Unknown Annotation,"javax.ws.rs.Produces",,,,,,,,,,,"0,00",,,,,,,,,,,,,,,,,,,,,,,,,,,,,,,,,,,,,,,
Unknown Annotation,"org.junit.Before",,,,,,,,,,,"0,00",,,,,,,,,,,,,,,,,,,,,,,,,,,,,,,,,,,,,,,
Unknown Annotation,"org.junit.Ignore",,,,,,,,,,,"0,00",,,,,,,,,,,,,,,,,,,,,,,,,,,,,,,,,,,,,,,
Unknown Annotation,"org.junit.Test",,,,,,,,,,,"0,00",,,,,,,,,,,,,,,,,,,,,,,,,,,,,,,,,,,,,,,
Unknown Annotation,"org.junit.runner.RunWith",,,,,,,,,,,"0,00",,,,,,,,,,,,,,,,,,,,,,,,,,,,,,,,,,,,,,,
Unknown Annotation,"org.springframework.boot.autoconfigure.SpringBootApplication",,,,,,,,,,,"0,00",,,,,,,,,,,,,,,,,,,,,,,,,,,,,,,,,,,,,,,
Unknown Annotation,"org.springframework.boot.test.IntegrationTest",,,,,,,,,,,"0,00",,,,,,,,,,,,,,,,,,,,,,,,,,,,,,,,,,,,,,,
Unknown Annotation,"org.springframework.boot.test.SpringApplicationConfiguration",,,,,,,,,,,"0,00",,,,,,,,,,,,,,,,,,,,,,,,,,,,,,,,,,,,,,,
Unknown Annotation,"org.springframework.cloud.client.circuitbreaker.EnableCircuitBreaker",,,,,,,,,,,"0,00",,,,,,,,,,,,,,,,,,,,,,,,,,,,,,,,,,,,,,,
Unknown Annotation,"org.springframework.cloud.client.discovery.EnableDiscoveryClient",,,,,,,,,,,"0,00",,,,,,,,,,,,,,,,,,,,,,,,,,,,,,,,,,,,,,,
Unknown Annotation,"org.springframework.cloud.client.loadbalancer.LoadBalanced",,,,,,,,,,,"0,00",,,,,,,,,,,,,,,,,,,,,,,,,,,,,,,,,,,,,,,
Unknown Annotation,"org.springframework.cloud.config.server.EnableConfigServer",,,,,,,,,,,"0,00",,,,,,,,,,,,,,,,,,,,,,,,,,,,,,,,,,,,,,,
Unknown Annotation,"org.springframework.cloud.context.config.annotation.RefreshScope",,,,,,,,,,,"0,00",,,,,,,,,,,,,,,,,,,,,,,,,,,,,,,,,,,,,,,
Unknown Annotation,"org.springframework.cloud.netflix.eureka.server.EnableEurekaServer",,,,,,,,,,,"0,00",,,,,,,,,,,,,,,,,,,,,,,,,,,,,,,,,,,,,,,
Unknown Annotation,"org.springframework.cloud.netflix.hystrix.dashboard.EnableHystrixDashboard",,,,,,,,,,,"0,00",,,,,,,,,,,,,,,,,,,,,,,,,,,,,,,,,,,,,,,
Unknown Annotation,"org.springframework.cloud.netflix.turbine.stream.EnableTurbineStream",,,,,,,,,,,"0,00",,,,,,,,,,,,,,,,,,,,,,,,,,,,,,,,,,,,,,,
Unknown Annotation,"org.springframework.cloud.netflix.zuul.EnableZuulProxy",,,,,,,,,,,"0,00",,,,,,,,,,,,,,,,,,,,,,,,,,,,,,,,,,,,,,,
Unknown Annotation,"org.springframework.cloud.sleuth.zipkin.stream.EnableZipkinStreamServer",,,,,,,,,,,"0,00",,,,,,,,,,,,,,,,,,,,,,,,,,,,,,,,,,,,,,,
Unknown Annotation,"org.springframework.context.annotation.Bean",,,,,,,,,,,"0,00",,,,,,,,,,,,,,,,,,,,,,,,,,,,,,,,,,,,,,,
Unknown Annotation,"org.springframework.context.annotation.ComponentScan",,,,,,,,,,,"0,00",,,,,,,,,,,,,,,,,,,,,,,,,,,,,,,,,,,,,,,
Unknown Annotation,"org.springframework.security.oauth2.config.annotation.web.configuration.EnableAuthorizationServer",,,,,,,,,,,"0,00",,,,,,,,,,,,,,,,,,,,,,,,,,,,,,,,,,,,,,,
Unknown Annotation,"org.springframework.security.oauth2.config.annotation.web.configuration.EnableResourceServer",,,,,,,,,,,"0,00",,,,,,,,,,,,,,,,,,,,,,,,,,,,,,,,,,,,,,,
Unknown Annotation,"org.springframework.stereotype.Component",,,,,,,,,,,"0,00",,,,,,,,,,,,,,,,,,,,,,,,,,,,,,,,,,,,,,,
Unknown Annotation,"org.springframework.stereotype.Controller",,,,,,,,,,,"0,00",,,,,,,,,,,,,,,,,,,,,,,,,,,,,,,,,,,,,,,
Unknown Annotation,"org.springframework.test.context.web.WebAppConfiguration",,,,,,,,,,,"0,00",,,,,,,,,,,,,,,,,,,,,,,,,,,,,,,,,,,,,,,
Unknown Annotation,"org.springframework.web.bind.annotation.PathVariable",,,,,,,,,,,"0,00",,,,,,,,,,,,,,,,,,,,,,,,,,,,,,,,,,,,,,,
Unknown Annotation,"org.springframework.web.bind.annotation.RequestMapping",,,,,,,,,,,"0,00",,,,,,,,,,,,,,,,,,,,,,,,,,,,,,,,,,,,,,,
Unknown Annotation,"org.springframework.web.bind.annotation.RequestParam",,,,,,,,,,,"0,00",,,,,,,,,,,,,,,,,,,,,,,,,,,,,,,,,,,,,,,
Unknown Annotation,"org.springframework.web.bind.annotation.RestController",,,,,,,,,,,"0,00",,,,,,,,,,,,,,,,,,,,,,,,,,,,,,,,,,,,,,,
Package,"se",0,0,0,0,0,0,0,0,0,,"0,00",0,0,0,0,,,,,0,0,0,,,0,0,0,,0,0,0,0,,0,0,,0,0,,0,,,0,,,,,,,
Package,"se.callista",0,0,0,0,0,0,0,0,0,,"0,00",0,0,0,0,,,,,0,0,0,,,0,0,0,,0,0,0,0,,0,0,,0,0,,0,,,0,,,,,,,
Package,"se.callista.microservices",0,0,0,0,0,0,0,0,0,,"0,00",0,0,0,0,,,,,0,0,0,,,0,0,0,,0,0,0,0,,0,0,,0,0,,0,,,0,,,,,,,
Package,"se.callista.microservices.composite",0,0,0,0,0,0,0,0,0,,"0,00",0,0,0,0,,,,,0,0,0,,,0,0,0,,0,0,0,0,,0,0,,0,0,,0,,,0,,,,,,,
Package,"se.callista.microservices.composite.product",1,2,66,13,51,2,32,28,6,,"0,04",4,1,3,0,,,,,2,1,1,,,2,0,3,,1,0,0,2,,41,6,,27,1,,0,,,4,,,,,,,
Public Class,"se.callista.microservices.composite.product.ProductCompositeServiceApplication",1,,28,6,21,1,9,5,6,,"0,05",6,1,5,0,1,16,12,0,,1,1,,,1,0,2,15,1,0,0,1,,13,6,,6,1,1,0,0,0,2,,,,,,,
Lambda Method,"se.callista.microservices.composite.product.ProductCompositeServiceApplication.(lambda_expr_1)",,,1,0,1,0,0,0,0,1,"0,00",,,,,,,,,,,,,,,,,,,,,,0,0,1,1,0,,,0,,,1,,,,,,,
Public Static Method,"se.callista.microservices.composite.product.ProductCompositeServiceApplication.main",,,6,2,4,0,3,2,2,1,"0,00",,,,,,,,,,,,,,,,,,,,,,2,2,2,4,2,,,0,,,1,,,,,,,
Method,"se.callista.microservices.composite.product.ProductCompositeServiceApplication.restTemplate",,,5,0,5,0,2,1,1,1,"0,00",,,,,,,,,,,,,,,,,,,,,,0,3,1,1,1,,,0,,,1,,,,,,,
Public Class,"se.callista.microservices.composite.product.ProductCompositeServiceApplicationTests",1,,12,2,9,1,2,2,0,,"0,11",3,0,3,0,1,5,5,0,,0,0,,,1,0,1,13,0,0,0,1,,7,0,,0,1,1,0,0,0,1,,,,,,,
Public Method,"se.callista.microservices.composite.product.ProductCompositeServiceApplicationTests.contextLoads",,,3,0,3,0,1,1,0,1,"0,00",,,,,,,,,,,,,,,,,,,,,,0,2,0,0,0,,,0,,,1,,,,,,,
Package,"se.callista.microservices.composite.product.model",1,4,165,33,116,16,87,53,37,,"0,14",4,0,4,0,,,,,4,0,0,,,21,16,21,,0,0,0,21,,53,41,,60,5,,1,,,27,,,,,,,
Public Class,"se.callista.microservices.composite.product.model.ProductAggregated",2,,61,11,43,7,31,17,17,,"0,16",6,1,5,1,1,11,6,0,,0,0,,,7,6,7,19,0,0,0,7,,17,21,,21,5,1,1,71,71,13,,,,,,,
Public Constructor,"se.callista.microservices.composite.product.model.ProductAggregated.ProductAggregated",,,25,4,17,4,12,4,11,5,"0,24",,,,,,,,,,,,,,,,,,,,,,8,4,15,20,9,,,1,,,7,,,,,,,
Lambda Method,"se.callista.microservices.composite.product.model.ProductAggregated.ProductAggregated.(lambda_expr_1)",,,1,0,1,0,0,0,0,1,"0,00",,,,,,,,,,,,,,,,,,,,,,1,0,1,5,0,,,0,,,1,,,,,,,
Lambda Method,"se.callista.microservices.composite.product.model.ProductAggregated.ProductAggregated.(lambda_expr_2)",,,1,0,1,0,0,0,0,1,"0,00",,,,,,,,,,,,,,,,,,,,,,1,0,1,5,0,,,0,,,1,,,,,,,
Public Method,"se.callista.microservices.composite.product.model.ProductAggregated.getName",,,3,0,3,0,2,1,1,1,"0,00",,,,,,,,,,,,,,,,,,,,,,2,1,1,1,1,,,0,,,1,,,,,,,
Public Method,"se.callista.microservices.composite.product.model.ProductAggregated.getProductId",,,3,0,3,0,2,1,1,1,"0,00",,,,,,,,,,,,,,,,,,,,,,2,1,1,1,1,,,0,,,1,,,,,,,
Public Method,"se.callista.microservices.composite.product.model.ProductAggregated.getRecommendations",,,3,0,3,0,2,1,1,1,"0,00",,,,,,,,,,,,,,,,,,,,,,2,1,1,1,1,,,0,,,1,,,,,,,
Public Method,"se.callista.microservices.composite.product.model.ProductAggregated.getReviews",,,3,0,3,0,2,1,1,1,"0,00",,,,,,,,,,,,,,,,,,,,,,2,1,1,1,1,,,0,,,1,,,,,,,
Public Method,"se.callista.microservices.composite.product.model.ProductAggregated.getServiceAddresses",,,3,0,3,0,2,1,1,1,"0,00",,,,,,,,,,,,,,,,,,,,,,1,1,1,1,1,,,0,,,1,,,,,,,
Public Method,"se.callista.microservices.composite.product.model.ProductAggregated.getWeight",,,3,0,3,0,2,1,1,1,"0,00",,,,,,,,,,,,,,,,,,,,,,2,1,1,1,1,,,0,,,1,,,,,,,
Public Class,"se.callista.microservices.composite.product.model.RecommendationSummary",1,,27,5,19,3,14,8,6,,"0,16",4,0,4,0,1,1,0,0,,0,0,,,4,3,4,16,0,0,0,4,,8,6,,9,1,1,0,50,50,4,,,,,,,
Public Constructor,"se.callista.microservices.composite.product.model.RecommendationSummary.RecommendationSummary",,,5,0,5,0,4,1,3,1,"0,00",,,,,,,,,,,,,,,,,,,,,,4,1,3,4,3,,,0,,,1,,,,,,,
Public Method,"se.callista.microservices.composite.product.model.RecommendationSummary.getAuthor",,,3,0,3,0,2,1,1,1,"0,00",,,,,,,,,,,,,,,,,,,,,,1,1,1,1,1,,,0,,,1,,,,,,,
Public Method,"se.callista.microservices.composite.product.model.RecommendationSummary.getRate",,,3,0,3,0,2,1,1,1,"0,00",,,,,,,,,,,,,,,,,,,,,,1,1,1,1,1,,,0,,,1,,,,,,,
Public Method,"se.callista.microservices.composite.product.model.RecommendationSummary.getRecommendationId",,,3,0,3,0,2,1,1,1,"0,00",,,,,,,,,,,,,,,,,,,,,,1,1,1,1,1,,,0,,,1,,,,,,,
Public Class,"se.callista.microservices.composite.product.model.ReviewSummary",1,,27,5,19,3,14,8,6,,"0,16",4,0,4,0,1,1,0,0,,0,0,,,4,3,4,16,0,0,0,4,,8,6,,9,1,1,0,50,50,4,,,,,,,
Public Constructor,"se.callista.microservices.composite.product.model.ReviewSummary.ReviewSummary",,,5,0,5,0,4,1,3,1,"0,00",,,,,,,,,,,,,,,,,,,,,,4,1,3,4,3,,,0,,,1,,,,,,,
Public Method,"se.callista.microservices.composite.product.model.ReviewSummary.getAuthor",,,3,0,3,0,2,1,1,1,"0,00",,,,,,,,,,,,,,,,,,,,,,1,1,1,1,1,,,0,,,1,,,,,,,
Public Method,"se.callista.microservices.composite.product.model.ReviewSummary.getReviewId",,,3,0,3,0,2,1,1,1,"0,00",,,,,,,,,,,,,,,,,,,,,,1,1,1,1,1,,,0,,,1,,,,,,,
Public Method,"se.callista.microservices.composite.product.model.ReviewSummary.getSubject",,,3,0,3,0,2,1,1,1,"0,00",,,,,,,,,,,,,,,,,,,,,,1,1,1,1,1,,,0,,,1,,,,,,,
Public Class,"se.callista.microservices.composite.product.model.ServiceAddresses",1,,35,6,26,3,19,11,8,,"0,12",3,0,3,0,1,1,0,0,,0,0,,,6,4,6,18,0,0,0,6,,11,8,,12,1,1,0,67,67,6,,,,,,,
Public Constructor,"se.callista.microservices.composite.product.model.ServiceAddresses.ServiceAddresses",,,6,0,6,0,5,1,4,1,"0,00",,,,,,,,,,,,,,,,,,,,,,5,1,4,5,4,,,0,,,1,,,,,,,
Public Constructor,"se.callista.microservices.composite.product.model.ServiceAddresses.ServiceAddresses",,,2,0,2,0,1,1,0,1,"0,00",,,,,,,,,,,,,,,,,,,,,,0,1,0,1,0,,,0,,,1,,,,,,,
Public Method,"se.callista.microservices.composite.product.model.ServiceAddresses.getCmp",,,3,0,3,0,2,1,1,1,"0,00",,,,,,,,,,,,,,,,,,,,,,1,1,1,1,1,,,0,,,1,,,,,,,
Public Method,"se.callista.microservices.composite.product.model.ServiceAddresses.getPro",,,3,0,3,0,2,1,1,1,"0,00",,,,,,,,,,,,,,,,,,,,,,1,1,1,1,1,,,0,,,1,,,,,,,
Public Method,"se.callista.microservices.composite.product.model.ServiceAddresses.getRec",,,3,0,3,0,2,1,1,1,"0,00",,,,,,,,,,,,,,,,,,,,,,1,1,1,1,1,,,0,,,1,,,,,,,
Public Method,"se.callista.microservices.composite.product.model.ServiceAddresses.getRev",,,3,0,3,0,2,1,1,1,"0,00",,,,,,,,,,,,,,,,,,,,,,1,1,1,1,1,,,0,,,1,,,,,,,
Package,"se.callista.microservices.composite.product.service",1,3,473,93,290,93,222,132,119,,"0,32",10,1,8,1,,,,,6,0,5,,,24,9,24,,0,9,0,15,,146,150,,184,3,,2,,,41,,,,,,,
Public Class,"se.callista.microservices.composite.product.service.AsyncCallTests",1,,64,19,42,3,30,16,20,,"0,07",9,2,7,0,1,16,11,0,,0,3,,,5,3,5,17,0,2,0,3,,19,26,,24,1,1,0,67,67,6,,,,,,,
Private Method,"se.callista.microservices.composite.product.service.AsyncCallTests.assertResponse",,,13,2,11,0,10,3,9,1,"0,00",,,,,,,,,,,,,,,,,,,,,,7,3,9,10,9,,,0,,,1,,,,,,,
Public Method,"se.callista.microservices.composite.product.service.AsyncCallTests.beforeTest",,,15,5,10,0,5,1,4,1,"0,00",,,,,,,,,,,,,,,,,,,,,,3,2,7,11,4,,,0,,,2,,,,,,,
Lambda Method,"se.callista.microservices.composite.product.service.AsyncCallTests.beforeTest.(lambda_expr_1)",,,1,0,1,0,0,0,0,1,"0,00",,,,,,,,,,,,,,,,,,,,,,4,0,1,4,0,,,0,,,1,,,,,,,
Private Method,"se.callista.microservices.composite.product.service.AsyncCallTests.getProductId",,,3,0,3,0,2,1,1,1,"0,00",,,,,,,,,,,,,,,,,,,,,,2,1,1,2,1,,,0,,,1,,,,,,,
Public Method,"se.callista.microservices.composite.product.service.AsyncCallTests.testAsync",,,6,1,5,0,3,2,2,1,"0,00",,,,,,,,,,,,,,,,,,,,,,2,3,2,2,2,,,0,,,1,,,,,,,
Public Method,"se.callista.microservices.composite.product.service.AsyncCallTests.testSync",,,6,1,5,0,3,2,2,1,"0,00",,,,,,,,,,,,,,,,,,,,,,2,3,2,2,2,,,0,,,1,,,,,,,
Public Class,"se.callista.microservices.composite.product.service.ProductCompositeIntegration",2,,195,42,116,40,85,35,63,,"0,34",12,2,9,2,1,21,14,0,,0,1,,,12,4,12,24,0,4,0,8,,40,80,,66,3,1,1,73,69,20,,,,,,,
Public Constructor,"se.callista.microservices.composite.product.service.ProductCompositeIntegration.ProductCompositeIntegration",,,5,0,5,0,3,1,2,1,"0,00",,,,,,,,,,,,,,,,,,,,,,2,2,2,3,2,,,0,,,1,,,,,,,
Public Method,"se.callista.microservices.composite.product.service.ProductCompositeIntegration.defaultProduct",,,12,0,6,6,3,1,2,1,"1,00",,,,,,,,,,,,,,,,,,,,,,4,1,4,4,2,,,0,,,1,,,,,,,
Public Method,"se.callista.microservices.composite.product.service.ProductCompositeIntegration.defaultRecommendations",,,12,0,6,6,3,1,2,1,"1,00",,,,,,,,,,,,,,,,,,,,,,4,1,4,5,2,,,0,,,1,,,,,,,
Public Method,"se.callista.microservices.composite.product.service.ProductCompositeIntegration.defaultReviews",,,12,0,6,6,3,1,2,1,"1,00",,,,,,,,,,,,,,,,,,,,,,4,1,4,5,2,,,0,,,1,,,,,,,
Public Method,"se.callista.microservices.composite.product.service.ProductCompositeIntegration.getProduct",,,17,5,12,1,10,4,8,1,"0,08",,,,,,,,,,,,,,,,,,,,,,7,5,9,8,9,,,0,,,1,,,,,,,
Private Method,"se.callista.microservices.composite.product.service.ProductCompositeIntegration.getProductReader",,,7,2,5,0,5,2,4,2,"0,00",,,,,,,,,,,,,,,,,,,,,,2,2,3,3,3,,,1,,,2,,,,,,,
Public Method,"se.callista.microservices.composite.product.service.ProductCompositeIntegration.getRecommendations",,,21,4,17,1,13,4,11,2,"0,06",,,,,,,,,,,,,,,,,,,,,,8,5,13,9,11,,,1,,,2,,,,,,,
Public Method,"se.callista.microservices.composite.product.service.ProductCompositeIntegration.getReviews",,,16,4,12,1,10,4,8,1,"0,08",,,,,,,,,,,,,,,,,,,,,,7,5,9,8,9,,,0,,,1,,,,,,,
Private Method,"se.callista.microservices.composite.product.service.ProductCompositeIntegration.getReviewsReader",,,6,1,5,0,5,2,4,2,"0,00",,,,,,,,,,,,,,,,,,,,,,1,2,3,3,3,,,1,,,2,,,,,,,
Anonymous Class,"se.callista.microservices.composite.product.service.ProductCompositeIntegration.getReviewsReader.(Anon_1)",0,,0,0,0,0,0,0,0,,"0,00",0,0,0,0,1,0,0,0,,0,0,,,0,0,0,12,0,0,0,0,,0,0,,0,0,2,0,0,0,0,,,,,,,
Public Method,"se.callista.microservices.composite.product.service.ProductCompositeIntegration.response2Product",,,7,0,7,0,4,1,3,2,"0,00",,,,,,,,,,,,,,,,,,,,,,3,1,4,5,2,,,1,,,2,,,,,,,
Private Method,"se.callista.microservices.composite.product.service.ProductCompositeIntegration.response2Recommendations",,,16,2,14,0,10,4,8,3,"0,00",,,,,,,,,,,,,,,,,,,,,,5,4,11,5,8,,,1,,,3,,,,,,,
Anonymous Class,"se.callista.microservices.composite.product.service.ProductCompositeIntegration.response2Recommendations.(Anon_2)",0,,0,0,0,0,0,0,0,,"0,00",0,0,0,0,1,0,0,0,,0,0,,,0,0,0,12,0,0,0,0,,0,0,,0,0,2,0,0,0,0,,,,,,,
Private Method,"se.callista.microservices.composite.product.service.ProductCompositeIntegration.response2Reviews",,,16,2,14,0,10,4,8,3,"0,00",,,,,,,,,,,,,,,,,,,,,,5,4,11,5,8,,,1,,,3,,,,,,,
Anonymous Class,"se.callista.microservices.composite.product.service.ProductCompositeIntegration.response2Reviews.(Anon_3)",0,,0,0,0,0,0,0,0,,"0,00",0,0,0,0,1,0,0,0,,0,0,,,0,0,0,12,0,0,0,0,,0,0,,0,0,2,0,0,0,0,,,,,,,
Public Class,"se.callista.microservices.composite.product.service.ProductCompositeService",2,,102,19,73,10,49,23,36,,"0,14",11,1,9,1,1,21,13,0,,0,1,,,7,2,7,19,0,3,0,4,,29,44,,36,3,1,2,50,43,15,,,,,,,
Public Constructor,"se.callista.microservices.composite.product.service.ProductCompositeService.ProductCompositeService",,,5,0,5,0,3,1,2,1,"0,00",,,,,,,,,,,,,,,,,,,,,,3,2,2,3,2,,,0,,,1,,,,,,,
Private Method,"se.callista.microservices.composite.product.service.ProductCompositeService.getBasicProductInfo",,,11,0,10,1,7,3,5,2,"0,10",,,,,,,,,,,,,,,,,,,,,,5,3,7,6,5,,,1,,,2,,,,,,,
Public Method,"se.callista.microservices.composite.product.service.ProductCompositeService.getProduct",,,4,0,4,0,2,1,1,1,"0,00",,,,,,,,,,,,,,,,,,,,,,0,2,1,2,1,,,0,,,1,,,,,,,
Public Method,"se.callista.microservices.composite.product.service.ProductCompositeService.getProduct",,,14,4,7,3,5,4,4,1,"0,43",,,,,,,,,,,,,,,,,,,,,,3,5,4,7,4,,,0,,,1,,,,,,,
Public Method,"se.callista.microservices.composite.product.service.ProductCompositeService.getProductAsync",,,19,5,14,0,11,4,10,2,"0,00",,,,,,,,,,,,,,,,,,,,,,7,4,11,11,9,,,1,,,5,,,,,,,
Lambda Method,"se.callista.microservices.composite.product.service.ProductCompositeService.getProductAsync.(lambda_expr_1)",,,1,0,1,0,0,0,0,1,"0,00",,,,,,,,,,,,,,,,,,,,,,1,1,1,2,0,,,0,,,1,,,,,,,
Lambda Method,"se.callista.microservices.composite.product.service.ProductCompositeService.getProductAsync.(lambda_expr_2)",,,1,0,1,0,0,0,0,1,"0,00",,,,,,,,,,,,,,,,,,,,,,1,1,1,2,0,,,0,,,1,,,,,,,
Lambda Method,"se.callista.microservices.composite.product.service.ProductCompositeService.getProductAsync.(lambda_expr_3)",,,1,0,1,0,0,0,0,1,"0,00",,,,,,,,,,,,,,,,,,,,,,1,1,1,2,0,,,0,,,1,,,,,,,
Private Method,"se.callista.microservices.composite.product.service.ProductCompositeService.getRecommendations",,,16,0,15,1,10,3,8,3,"0,07",,,,,,,,,,,,,,,,,,,,,,6,3,11,7,7,,,2,,,3,,,,,,,
Private Method,"se.callista.microservices.composite.product.service.ProductCompositeService.getReviews",,,11,0,10,1,7,3,5,2,"0,10",,,,,,,,,,,,,,,,,,,,,,5,3,7,6,5,,,1,,,2,,,,,,,
Package,"se.callista.microservices.core",0,0,0,0,0,0,0,0,0,,"0,00",0,0,0,0,,,,,0,0,0,,,0,0,0,,0,0,0,0,,0,0,,0,0,,0,,,0,,,,,,,
Package,"se.callista.microservices.core.product",1,2,54,12,40,2,26,23,5,,"0,05",3,1,3,0,,,,,2,1,1,,,1,0,2,,0,0,0,2,,32,5,,22,1,,0,,,3,,,,,,,
Public Class,"se.callista.microservices.core.product.ProductServiceApplication",1,,20,5,14,1,7,4,5,,"0,07",6,2,4,0,1,11,7,0,,1,1,,,0,0,1,14,0,0,0,1,,8,5,,5,1,1,0,0,0,1,,,,,,,
Lambda Method,"se.callista.microservices.core.product.ProductServiceApplication.(lambda_expr_1)",,,1,0,1,0,0,0,0,1,"0,00",,,,,,,,,,,,,,,,,,,,,,0,0,1,1,0,,,0,,,1,,,,,,,
Public Static Method,"se.callista.microservices.core.product.ProductServiceApplication.main",,,6,2,4,0,3,2,2,1,"0,00",,,,,,,,,,,,,,,,,,,,,,2,2,2,4,2,,,0,,,1,,,,,,,
Public Class,"se.callista.microservices.core.product.ProductServiceApplicationTests",1,,12,2,9,1,2,2,0,,"0,11",3,0,3,0,1,5,5,0,,0,0,,,1,0,1,13,0,0,0,1,,7,0,,0,1,1,0,0,0,1,,,,,,,
Public Method,"se.callista.microservices.core.product.ProductServiceApplicationTests.contextLoads",,,3,0,3,0,1,1,0,1,"0,00",,,,,,,,,,,,,,,,,,,,,,0,2,0,0,0,,,0,,,1,,,,,,,
Package,"se.callista.microservices.core.product.service",1,1,86,16,53,17,38,25,15,,"0,32",12,2,7,4,,,,,1,0,1,,,4,3,4,,0,1,0,3,,33,16,,32,2,,1,,,5,,,,,,,
Public Class,"se.callista.microservices.core.product.service.ProductService",1,,67,12,38,17,23,10,15,,"0,45",12,2,7,4,1,17,13,0,,0,1,,,4,3,4,16,0,1,0,3,,18,16,,17,2,1,1,42,42,5,,,,,,,
Public Constructor,"se.callista.microservices.core.product.service.ProductService.ProductService",,,6,0,6,0,4,1,3,1,"0,00",,,,,,,,,,,,,,,,,,,,,,3,2,3,4,3,,,0,,,1,,,,,,,
Public Method,"se.callista.microservices.core.product.service.ProductService.getProduct",,,19,4,9,6,7,2,6,1,"0,67",,,,,,,,,,,,,,,,,,,,,,5,3,6,8,6,,,0,,,1,,,,,,,
Public Method,"se.callista.microservices.core.product.service.ProductService.setProcessingTime",,,17,2,7,8,3,1,2,1,"1,14",,,,,,,,,,,,,,,,,,,,,,4,4,2,2,2,,,0,,,1,,,,,,,
Private Method,"se.callista.microservices.core.product.service.ProductService.sleep",,,7,0,7,0,4,1,3,2,"0,00",,,,,,,,,,,,,,,,,,,,,,3,1,4,2,2,,,1,,,2,,,,,,,
Package,"se.callista.microservices.core.recommendation",1,2,53,12,39,2,25,22,5,,"0,05",3,1,3,0,,,,,2,1,1,,,1,0,2,,0,0,0,2,,31,5,,21,1,,0,,,3,,,,,,,
Public Class,"se.callista.microservices.core.recommendation.RecommendationServiceApplication",1,,20,5,14,1,7,4,5,,"0,07",6,2,4,0,1,11,7,0,,1,1,,,0,0,1,14,0,0,0,1,,8,5,,5,1,1,0,0,0,1,,,,,,,
Lambda Method,"se.callista.microservices.core.recommendation.RecommendationServiceApplication.(lambda_expr_1)",,,1,0,1,0,0,0,0,1,"0,00",,,,,,,,,,,,,,,,,,,,,,0,0,1,1,0,,,0,,,1,,,,,,,
Public Static Method,"se.callista.microservices.core.recommendation.RecommendationServiceApplication.main",,,6,2,4,0,3,2,2,1,"0,00",,,,,,,,,,,,,,,,,,,,,,2,2,2,4,2,,,0,,,1,,,,,,,
Public Class,"se.callista.microservices.core.recommendation.RecommendationServiceApplicationTests",1,,12,2,9,1,2,2,0,,"0,11",3,0,3,0,1,5,5,0,,0,0,,,1,0,1,13,0,0,0,1,,7,0,,0,1,1,0,0,0,1,,,,,,,
Public Method,"se.callista.microservices.core.recommendation.RecommendationServiceApplicationTests.contextLoads",,,3,0,3,0,1,1,0,1,"0,00",,,,,,,,,,,,,,,,,,,,,,0,2,0,0,0,,,0,,,1,,,,,,,
Package,"se.callista.microservices.core.recommendation.service",1,1,104,20,59,25,43,27,19,,"0,42",14,2,9,4,,,,,1,0,1,,,4,3,4,,0,1,0,3,,36,20,,37,2,,1,,,5,,,,,,,
Public Class,"se.callista.microservices.core.recommendation.service.RecommendationService",1,,84,16,43,25,27,11,19,,"0,58",14,2,9,4,1,18,12,0,,0,1,,,4,3,4,16,0,1,0,3,,20,20,,21,2,1,1,42,42,5,,,,,,,
Public Constructor,"se.callista.microservices.core.recommendation.service.RecommendationService.RecommendationService",,,6,0,6,0,4,1,3,1,"0,00",,,,,,,,,,,,,,,,,,,,,,3,2,3,4,3,,,0,,,1,,,,,,,
Public Method,"se.callista.microservices.core.recommendation.service.RecommendationService.getRecommendations",,,26,6,14,6,11,3,10,1,"0,43",,,,,,,,,,,,,,,,,,,,,,5,5,10,11,10,,,0,,,1,,,,,,,
Public Method,"se.callista.microservices.core.recommendation.service.RecommendationService.setProcessingTime",,,17,2,7,8,3,1,2,1,"1,14",,,,,,,,,,,,,,,,,,,,,,4,4,2,2,2,,,0,,,1,,,,,,,
Private Method,"se.callista.microservices.core.recommendation.service.RecommendationService.sleep",,,7,0,7,0,4,1,3,2,"0,00",,,,,,,,,,,,,,,,,,,,,,3,1,4,2,2,,,1,,,2,,,,,,,
Package,"se.callista.microservices.core.review",1,2,64,12,50,2,30,27,5,,"0,04",3,1,3,0,,,,,2,1,1,,,1,0,2,,0,0,0,2,,42,5,,26,1,,0,,,3,,,,,,,
Public Class,"se.callista.microservices.core.review.ReviewServiceApplication",1,,20,5,14,1,7,4,5,,"0,07",6,2,4,0,1,11,7,0,,1,1,,,0,0,1,14,0,0,0,1,,8,5,,5,1,1,0,0,0,1,,,,,,,
Lambda Method,"se.callista.microservices.core.review.ReviewServiceApplication.(lambda_expr_1)",,,1,0,1,0,0,0,0,1,"0,00",,,,,,,,,,,,,,,,,,,,,,0,0,1,1,0,,,0,,,1,,,,,,,
Public Static Method,"se.callista.microservices.core.review.ReviewServiceApplication.main",,,6,2,4,0,3,2,2,1,"0,00",,,,,,,,,,,,,,,,,,,,,,2,2,2,4,2,,,0,,,1,,,,,,,
Public Class,"se.callista.microservices.core.review.ReviewServiceApplicationTests",1,,18,2,15,1,2,2,0,,"0,07",3,0,3,0,1,5,5,0,,0,0,,,1,0,1,13,0,0,0,1,,13,0,,0,1,1,0,0,0,1,,,,,,,
Public Method,"se.callista.microservices.core.review.ReviewServiceApplicationTests.contextLoads",,,3,0,3,0,1,1,0,1,"0,00",,,,,,,,,,,,,,,,,,,,,,0,2,0,0,0,,,0,,,1,,,,,,,
Package,"se.callista.microservices.core.review.service",1,1,112,22,65,25,47,29,21,,"0,38",16,3,10,4,,,,,1,0,1,,,4,4,4,,0,1,0,3,,40,22,,41,2,,1,,,5,,,,,,,
Public Class,"se.callista.microservices.core.review.service.ReviewService",1,,91,18,48,25,30,12,21,,"0,52",16,3,10,4,1,20,13,0,,0,1,,,4,4,4,16,0,1,0,3,,23,22,,24,2,1,1,44,44,5,,,,,,,
Public Constructor,"se.callista.microservices.core.review.service.ReviewService.ReviewService",,,10,1,9,0,5,1,4,1,"0,00",,,,,,,,,,,,,,,,,,,,,,4,4,4,5,4,,,0,,,1,,,,,,,
Public Method,"se.callista.microservices.core.review.service.ReviewService.getReviews",,,28,7,15,6,12,3,11,1,"0,40",,,,,,,,,,,,,,,,,,,,,,6,5,11,11,11,,,0,,,1,,,,,,,
Public Method,"se.callista.microservices.core.review.service.ReviewService.setProcessingTime",,,17,2,7,8,3,1,2,1,"1,14",,,,,,,,,,,,,,,,,,,,,,4,4,2,2,2,,,0,,,1,,,,,,,
Private Method,"se.callista.microservices.core.review.service.ReviewService.sleep",,,7,0,7,0,4,1,3,2,"0,00",,,,,,,,,,,,,,,,,,,,,,3,1,4,2,2,,,1,,,2,,,,,,,
Package,"se.callista.microservices.model",1,3,187,38,140,9,102,57,45,,"0,06",3,0,3,0,,,,,3,0,0,,,35,16,35,,0,0,0,35,,57,45,,64,1,,0,,,35,,,,,,,
Public Class,"se.callista.microservices.model.Product",1,,47,9,35,3,25,14,11,,"0,09",3,0,3,0,1,1,0,0,,0,0,,,9,4,9,21,0,0,0,9,,14,11,,15,1,1,0,69,69,9,,,,,,,
Public Constructor,"se.callista.microservices.model.Product.Product",,,6,0,6,0,5,1,4,1,"0,00",,,,,,,,,,,,,,,,,,,,,,7,1,4,5,4,,,0,,,1,,,,,,,
Public Constructor,"se.callista.microservices.model.Product.Product",,,2,0,2,0,1,1,0,1,"0,00",,,,,,,,,,,,,,,,,,,,,,0,1,0,1,0,,,0,,,1,,,,,,,
Public Method,"se.callista.microservices.model.Product.getName",,,3,0,3,0,2,1,1,1,"0,00",,,,,,,,,,,,,,,,,,,,,,2,1,1,1,1,,,0,,,1,,,,,,,
Public Method,"se.callista.microservices.model.Product.getProductId",,,3,0,3,0,2,1,1,1,"0,00",,,,,,,,,,,,,,,,,,,,,,3,1,1,1,1,,,0,,,1,,,,,,,
Public Method,"se.callista.microservices.model.Product.getServiceAddress",,,3,0,3,0,2,1,1,1,"0,00",,,,,,,,,,,,,,,,,,,,,,2,1,1,1,1,,,0,,,1,,,,,,,
Public Method,"se.callista.microservices.model.Product.getWeight",,,3,0,3,0,2,1,1,1,"0,00",,,,,,,,,,,,,,,,,,,,,,2,1,1,1,1,,,0,,,1,,,,,,,
Public Method,"se.callista.microservices.model.Product.setName",,,3,0,3,0,2,1,1,1,"0,00",,,,,,,,,,,,,,,,,,,,,,1,1,1,1,1,,,0,,,1,,,,,,,
Public Method,"se.callista.microservices.model.Product.setProductId",,,3,0,3,0,2,1,1,1,"0,00",,,,,,,,,,,,,,,,,,,,,,1,1,1,1,1,,,0,,,1,,,,,,,
Public Method,"se.callista.microservices.model.Product.setWeight",,,3,0,3,0,2,1,1,1,"0,00",,,,,,,,,,,,,,,,,,,,,,1,1,1,1,1,,,0,,,1,,,,,,,
Public Class,"se.callista.microservices.model.Recommendation",1,,67,13,51,3,37,20,17,,"0,06",3,0,3,0,1,1,0,0,,0,0,,,13,6,13,25,0,0,0,13,,20,17,,23,1,1,0,78,78,13,,,,,,,
Public Constructor,"se.callista.microservices.model.Recommendation.Recommendation",,,8,0,8,0,7,1,6,1,"0,00",,,,,,,,,,,,,,,,,,,,,,8,1,6,7,6,,,0,,,1,,,,,,,
Public Constructor,"se.callista.microservices.model.Recommendation.Recommendation",,,2,0,2,0,1,1,0,1,"0,00",,,,,,,,,,,,,,,,,,,,,,0,1,0,1,0,,,0,,,1,,,,,,,
Public Method,"se.callista.microservices.model.Recommendation.getAuthor",,,3,0,3,0,2,1,1,1,"0,00",,,,,,,,,,,,,,,,,,,,,,2,1,1,1,1,,,0,,,1,,,,,,,
Public Method,"se.callista.microservices.model.Recommendation.getContent",,,3,0,3,0,2,1,1,1,"0,00",,,,,,,,,,,,,,,,,,,,,,1,1,1,1,1,,,0,,,1,,,,,,,
Public Method,"se.callista.microservices.model.Recommendation.getProductId",,,3,0,3,0,2,1,1,1,"0,00",,,,,,,,,,,,,,,,,,,,,,1,1,1,1,1,,,0,,,1,,,,,,,
Public Method,"se.callista.microservices.model.Recommendation.getRate",,,3,0,3,0,2,1,1,1,"0,00",,,,,,,,,,,,,,,,,,,,,,2,1,1,1,1,,,0,,,1,,,,,,,
Public Method,"se.callista.microservices.model.Recommendation.getRecommendationId",,,3,0,3,0,2,1,1,1,"0,00",,,,,,,,,,,,,,,,,,,,,,2,1,1,1,1,,,0,,,1,,,,,,,
Public Method,"se.callista.microservices.model.Recommendation.getServiceAddress",,,3,0,3,0,2,1,1,1,"0,00",,,,,,,,,,,,,,,,,,,,,,2,1,1,1,1,,,0,,,1,,,,,,,
Public Method,"se.callista.microservices.model.Recommendation.setAuthor",,,3,0,3,0,2,1,1,1,"0,00",,,,,,,,,,,,,,,,,,,,,,1,1,1,1,1,,,0,,,1,,,,,,,
Public Method,"se.callista.microservices.model.Recommendation.setContent",,,3,0,3,0,2,1,1,1,"0,00",,,,,,,,,,,,,,,,,,,,,,1,1,1,1,1,,,0,,,1,,,,,,,
Public Method,"se.callista.microservices.model.Recommendation.setProductId",,,3,0,3,0,2,1,1,1,"0,00",,,,,,,,,,,,,,,,,,,,,,1,1,1,1,1,,,0,,,1,,,,,,,
Public Method,"se.callista.microservices.model.Recommendation.setRate",,,3,0,3,0,2,1,1,1,"0,00",,,,,,,,,,,,,,,,,,,,,,1,1,1,1,1,,,0,,,1,,,,,,,
Public Method,"se.callista.microservices.model.Recommendation.setRecommendationId",,,3,0,3,0,2,1,1,1,"0,00",,,,,,,,,,,,,,,,,,,,,,1,1,1,1,1,,,0,,,1,,,,,,,
Public Class,"se.callista.microservices.model.Review",1,,67,13,51,3,37,20,17,,"0,06",3,0,3,0,1,1,0,0,,0,0,,,13,6,13,25,0,0,0,13,,20,17,,23,1,1,0,78,78,13,,,,,,,
Public Constructor,"se.callista.microservices.model.Review.Review",,,8,0,8,0,7,1,6,1,"0,00",,,,,,,,,,,,,,,,,,,,,,8,1,6,7,6,,,0,,,1,,,,,,,
Public Constructor,"se.callista.microservices.model.Review.Review",,,2,0,2,0,1,1,0,1,"0,00",,,,,,,,,,,,,,,,,,,,,,0,1,0,1,0,,,0,,,1,,,,,,,
Public Method,"se.callista.microservices.model.Review.getAuthor",,,3,0,3,0,2,1,1,1,"0,00",,,,,,,,,,,,,,,,,,,,,,2,1,1,1,1,,,0,,,1,,,,,,,
Public Method,"se.callista.microservices.model.Review.getContent",,,3,0,3,0,2,1,1,1,"0,00",,,,,,,,,,,,,,,,,,,,,,1,1,1,1,1,,,0,,,1,,,,,,,
Public Method,"se.callista.microservices.model.Review.getProductId",,,3,0,3,0,2,1,1,1,"0,00",,,,,,,,,,,,,,,,,,,,,,1,1,1,1,1,,,0,,,1,,,,,,,
Public Method,"se.callista.microservices.model.Review.getReviewId",,,3,0,3,0,2,1,1,1,"0,00",,,,,,,,,,,,,,,,,,,,,,2,1,1,1,1,,,0,,,1,,,,,,,
Public Method,"se.callista.microservices.model.Review.getServiceAddress",,,3,0,3,0,2,1,1,1,"0,00",,,,,,,,,,,,,,,,,,,,,,2,1,1,1,1,,,0,,,1,,,,,,,
Public Method,"se.callista.microservices.model.Review.getSubject",,,3,0,3,0,2,1,1,1,"0,00",,,,,,,,,,,,,,,,,,,,,,2,1,1,1,1,,,0,,,1,,,,,,,
Public Method,"se.callista.microservices.model.Review.setAuthor",,,3,0,3,0,2,1,1,1,"0,00",,,,,,,,,,,,,,,,,,,,,,1,1,1,1,1,,,0,,,1,,,,,,,
Public Method,"se.callista.microservices.model.Review.setContent",,,3,0,3,0,2,1,1,1,"0,00",,,,,,,,,,,,,,,,,,,,,,1,1,1,1,1,,,0,,,1,,,,,,,
Public Method,"se.callista.microservices.model.Review.setProductId",,,3,0,3,0,2,1,1,1,"0,00",,,,,,,,,,,,,,,,,,,,,,1,1,1,1,1,,,0,,,1,,,,,,,
Public Method,"se.callista.microservices.model.Review.setReviewId",,,3,0,3,0,2,1,1,1,"0,00",,,,,,,,,,,,,,,,,,,,,,1,1,1,1,1,,,0,,,1,,,,,,,
Public Method,"se.callista.microservices.model.Review.setSubject",,,3,0,3,0,2,1,1,1,"0,00",,,,,,,,,,,,,,,,,,,,,,1,1,1,1,1,,,0,,,1,,,,,,,
Package,"se.callista.microservices.util",2,5,315,68,212,35,149,86,78,,"0,17",11,1,8,1,,,,,5,0,3,,,19,7,19,,0,0,1,18,,102,87,,113,4,,2,,,30,,,,,,,
Public Class,"se.callista.microservices.util.CpuCruncherBean",2,,55,15,40,0,29,12,22,,"0,00",15,3,11,0,1,10,7,0,,0,1,,,3,2,3,15,0,0,0,3,,17,23,,22,4,1,1,33,0,6,,,,,,,
Public Constructor,"se.callista.microservices.util.CpuCruncherBean.CpuCruncherBean",,,25,5,20,0,13,1,12,4,"0,00",,,,,,,,,,,,,,,,,,,,,,3,4,12,4,9,,,1,,,4,,,,,,,
Public Method,"se.callista.microservices.util.CpuCruncherBean.calculateStrength",,,6,1,5,0,4,2,3,1,"0,00",,,,,,,,,,,,,,,,,,,,,,4,2,3,3,3,,,0,,,1,,,,,,,
Public Method,"se.callista.microservices.util.CpuCruncherBean.exec",,,13,4,9,0,8,5,6,1,"0,00",,,,,,,,,,,,,,,,,,,,,,4,5,7,3,7,,,0,,,1,,,,,,,
Public Interface,"se.callista.microservices.util.LambdaServletFilter",1,,5,1,4,0,3,3,0,,"0,00",1,0,1,0,1,2,2,0,,0,0,,,2,0,2,14,0,0,0,2,,3,0,,0,1,2,0,0,0,2,,,,,,,
Public Method,"se.callista.microservices.util.LambdaServletFilter.destroy",,,1,0,1,0,1,1,0,1,"0,00",,,,,,,,,,,,,,,,,,,,,,0,1,0,0,0,,,0,,,1,,,,,,,
Public Method,"se.callista.microservices.util.LambdaServletFilter.init",,,1,0,1,0,1,1,0,1,"0,00",,,,,,,,,,,,,,,,,,,,,,0,1,0,0,0,,,0,,,1,,,,,,,
Public Class,"se.callista.microservices.util.ServiceUtils",2,,117,19,66,32,42,17,28,,"0,48",10,1,7,3,1,15,9,0,,0,1,,,9,3,9,21,0,0,1,8,,21,34,,26,4,1,2,81,78,15,,,,,,,
Public Constructor,"se.callista.microservices.util.ServiceUtils.ServiceUtils",,,8,1,7,0,3,1,2,1,"0,00",,,,,,,,,,,,,,,,,,,,,,2,4,2,3,2,,,0,,,1,,,,,,,
Public Generic Method,"se.callista.microservices.util.ServiceUtils.createOkResponse",,,3,0,3,0,2,1,1,1,"0,00",,,,,,,,,,,,,,,,,,,,,,9,1,1,2,1,,,0,,,1,,,,,,,
Generic Parameter,"se.callista.microservices.util.ServiceUtils.createOkResponse.T",0,,,,,,,,,,,0,0,0,0,1,0,0,0,,0,0,,,0,0,0,,0,0,0,0,,,,,,0,1,0,0,0,0,,,,,,,
Public Generic Method,"se.callista.microservices.util.ServiceUtils.createResponse",,,3,0,3,0,2,1,1,1,"0,00",,,,,,,,,,,,,,,,,,,,,,7,1,1,1,1,,,0,,,1,,,,,,,
Public Generic Method,"se.callista.microservices.util.ServiceUtils.createResponse",,,21,1,4,16,3,2,2,1,"4,00",,,,,,,,,,,,,,,,,,,,,,1,2,2,4,2,,,0,,,1,,,,,,,
Generic Parameter,"se.callista.microservices.util.ServiceUtils.createResponse.T",0,,,,,,,,,,,0,0,0,0,1,0,0,0,,0,0,,,0,0,0,,0,0,0,0,,,,,,0,1,0,0,0,0,,,,,,,
Generic Parameter,"se.callista.microservices.util.ServiceUtils.createResponse.T",0,,,,,,,,,,,0,0,0,0,1,0,0,0,,0,0,,,0,0,0,,0,0,0,0,,,,,,0,1,0,0,0,0,,,,,,,
Public Method,"se.callista.microservices.util.ServiceUtils.findMyHostname",,,7,0,7,0,4,1,3,2,"0,00",,,,,,,,,,,,,,,,,,,,,,1,1,4,3,2,,,1,,,2,,,,,,,
Public Method,"se.callista.microservices.util.ServiceUtils.findMyIpAddress",,,7,0,7,0,4,1,3,2,"0,00",,,,,,,,,,,,,,,,,,,,,,1,1,4,3,2,,,1,,,2,,,,,,,
Public Method,"se.callista.microservices.util.ServiceUtils.getServiceAddress",,,6,0,6,0,4,1,3,2,"0,00",,,,,,,,,,,,,,,,,,,,,,7,1,3,4,2,,,1,,,2,,,,,,,
Public Method,"se.callista.microservices.util.ServiceUtils.getServiceUrl",,,8,0,3,5,2,1,1,1,"1,67",,,,,,,,,,,,,,,,,,,,,,1,1,1,2,1,,,0,,,1,,,,,,,
Protected Method,"se.callista.microservices.util.ServiceUtils.getServiceUrl",,,31,5,19,7,13,3,11,4,"0,37",,,,,,,,,,,,,,,,,,,,,,6,3,14,7,9,,,2,,,4,,,,,,,
Public Class,"se.callista.microservices.util.ServiceUtilsTests",1,,46,11,35,0,20,9,16,,"0,00",21,4,17,0,1,3,2,0,,0,0,,,2,0,2,14,0,0,0,2,,11,18,,16,1,1,1,0,0,2,,,,,,,
Public Method,"se.callista.microservices.util.ServiceUtilsTests.mdcTest",,,37,8,29,0,17,7,15,1,"0,00",,,,,,,,,,,,,,,,,,,,,,0,8,17,5,15,,,1,,,1,,,,,,,
Public Method,"se.callista.microservices.util.ServiceUtilsTests.someTest",,,4,0,4,0,2,1,1,1,"0,00",,,,,,,,,,,,,,,,,,,,,,0,2,1,1,1,,,0,,,1,,,,,,,
Public Class,"se.callista.microservices.util.SetProcTimeBean",2,,36,8,28,0,18,8,12,,"0,00",8,1,7,0,1,8,6,0,,0,1,,,3,2,3,15,0,0,0,3,,13,12,,12,3,1,1,33,0,5,,,,,,,
Public Constructor,"se.callista.microservices.util.SetProcTimeBean.SetProcTimeBean",,,7,1,6,0,2,1,1,1,"0,00",,,,,,,,,,,,,,,,,,,,,,2,4,1,2,1,,,0,,,1,,,,,,,
Public Method,"se.callista.microservices.util.SetProcTimeBean.calculateProcessingTime",,,5,0,5,0,4,2,3,1,"0,00",,,,,,,,,,,,,,,,,,,,,,6,2,3,3,3,,,0,,,1,,,,,,,
Public Method,"se.callista.microservices.util.SetProcTimeBean.setDefaultProcessingTime",,,13,2,11,0,8,1,7,3,"0,00",,,,,,,,,,,,,,,,,,,,,,9,1,7,3,5,,,1,,,3,,,,,,,
Package,"se.callista.microservises",0,0,0,0,0,0,0,0,0,,"0,00",0,0,0,0,,,,,0,0,0,,,0,0,0,,0,0,0,0,,0,0,,0,0,,0,,,0,,,,,,,
Package,"se.callista.microservises.support",1,2,46,9,36,1,25,24,3,,"0,03",4,1,4,0,,,,,2,1,1,,,1,0,2,,0,0,0,2,,31,3,,21,1,,0,,,2,,,,,,,
Public Class,"se.callista.microservises.support.ConfigServerApplication",1,,13,3,10,0,5,4,3,,"0,00",5,1,4,0,1,9,7,0,,1,1,,,0,0,1,13,0,0,0,1,,7,3,,3,1,1,0,0,0,1,,,,,,,
Public Static Method,"se.callista.microservises.support.ConfigServerApplication.main",,,5,1,4,0,3,2,2,1,"0,00",,,,,,,,,,,,,,,,,,,,,,2,2,2,4,2,,,0,,,1,,,,,,,
Public Class,"se.callista.microservises.support.ConfigServerApplicationTests",1,,11,2,8,1,2,2,0,,"0,13",3,0,3,0,1,4,4,0,,0,0,,,1,0,1,13,0,0,0,1,,6,0,,0,1,1,0,0,0,1,,,,,,,
Public Method,"se.callista.microservises.support.ConfigServerApplicationTests.contextLoads",,,3,0,3,0,1,1,0,1,"0,00",,,,,,,,,,,,,,,,,,,,,,0,2,0,0,0,,,0,,,1,,,,,,,
Package,"se.callista.microservises.support.discovery",1,2,60,12,48,2,30,27,5,,"0,04",5,0,5,1,,,,,2,1,0,,,2,1,3,,0,0,0,3,,40,6,,25,1,,0,,,3,,,,,,,
Public Class,"se.callista.microservises.support.discovery.ApplicationTests",1,,25,4,21,2,8,6,4,,"0,10",6,0,6,1,1,13,10,0,,0,0,,,2,1,2,14,0,0,0,2,,16,5,,5,1,1,0,0,0,2,,,,,,,
Public Method,"se.callista.microservises.support.discovery.ApplicationTests.adminLoads",,,6,0,6,1,3,2,2,1,"0,17",,,,,,,,,,,,,,,,,,,,,,2,4,2,3,2,,,0,,,1,,,,,,,
Public Method,"se.callista.microservises.support.discovery.ApplicationTests.catalogLoads",,,6,0,6,1,3,2,2,1,"0,17",,,,,,,,,,,,,,,,,,,,,,2,4,2,3,2,,,0,,,1,,,,,,,
Public Class,"se.callista.microservises.support.discovery.EurekaApplication",1,,10,2,8,0,3,2,1,,"0,00",3,0,3,0,1,6,4,0,,1,0,,,0,0,1,13,0,0,0,1,,5,1,,1,1,1,0,0,0,1,,,,,,,
Public Static Method,"se.callista.microservises.support.discovery.EurekaApplication.main",,,3,0,3,0,2,1,1,1,"0,00",,,,,,,,,,,,,,,,,,,,,,1,1,1,1,1,,,0,,,1,,,,,,,
Package,"se.callista.microservises.support.edge",1,1,48,9,37,2,27,18,11,,"0,05",6,1,5,0,,,,,1,1,1,,,1,0,2,,0,0,0,2,,24,12,,24,1,,0,,,3,,,,,,,
Public Class,"se.callista.microservises.support.edge.ZuulApplication",1,,33,6,25,2,15,6,11,,"0,08",9,1,7,1,1,14,10,0,,1,1,,,1,0,2,15,0,0,0,2,,12,12,,12,1,1,0,0,0,2,,,,,,,
Lambda Method,"se.callista.microservises.support.edge.ZuulApplication.(lambda_expr_1)",,,1,0,1,0,0,0,0,1,"0,00",,,,,,,,,,,,,,,,,,,,,,0,0,1,1,0,,,0,,,1,,,,,,,
Public Method,"se.callista.microservises.support.edge.ZuulApplication.logFilter",,,9,0,8,1,6,2,5,1,"0,13",,,,,,,,,,,,,,,,,,,,,,0,3,5,4,5,,,0,,,1,,,,,,,
Public Static Method,"se.callista.microservises.support.edge.ZuulApplication.main",,,8,2,6,0,5,2,3,1,"0,00",,,,,,,,,,,,,,,,,,,,,,2,2,4,3,4,,,0,,,1,,,,,,,
Package,"se.callista.microservises.support.monitordashboard",1,1,40,8,31,1,20,15,6,,"0,03",3,0,3,0,,,,,1,1,1,,,2,0,3,,0,0,1,2,,21,6,,16,1,,0,,,4,,,,,,,
Public Class,"se.callista.microservises.support.monitordashboard.HystrixDashboardApplication",1,,27,5,21,1,10,5,6,,"0,05",4,0,4,0,1,12,7,0,,1,1,,,2,0,3,16,0,0,1,2,,11,6,,6,1,2,0,0,0,3,,,,,,,
Lambda Method,"se.callista.microservises.support.monitordashboard.HystrixDashboardApplication.(lambda_expr_1)",,,1,0,1,0,0,0,0,1,"0,00",,,,,,,,,,,,,,,,,,,,,,0,0,1,1,0,,,0,,,1,,,,,,,
Protected Method,"se.callista.microservises.support.monitordashboard.HystrixDashboardApplication.configure",,,4,0,4,0,2,1,1,1,"0,00",,,,,,,,,,,,,,,,,,,,,,1,2,1,3,1,,,0,,,1,,,,,,,
Public Method,"se.callista.microservises.support.monitordashboard.HystrixDashboardApplication.home",,,4,0,4,0,2,1,1,1,"0,00",,,,,,,,,,,,,,,,,,,,,,0,2,1,1,1,,,0,,,1,,,,,,,
Public Static Method,"se.callista.microservises.support.monitordashboard.HystrixDashboardApplication.main",,,3,0,3,0,2,1,1,1,"0,00",,,,,,,,,,,,,,,,,,,,,,1,1,1,2,1,,,0,,,1,,,,,,,
Package,"se.callista.microservises.support.oauth",1,2,97,16,80,4,52,42,18,,"0,05",6,0,6,1,,,,,2,1,1,,,4,2,5,,0,0,0,5,,62,21,,45,1,,0,,,6,,,,,,,
Public Class,"se.callista.microservises.support.oauth.ApplicationTests",1,,42,6,36,3,18,12,13,,"0,08",9,0,9,1,1,13,11,0,,0,0,,,3,2,3,15,0,0,0,3,,26,16,,14,1,1,0,0,0,3,,,,,,,
Public Method,"se.callista.microservises.support.oauth.ApplicationTests.authorizationRedirects",,,9,0,9,1,5,3,4,1,"0,11",,,,,,,,,,,,,,,,,,,,,,3,6,5,7,4,,,0,,,1,,,,,,,
Public Method,"se.callista.microservises.support.oauth.ApplicationTests.homePageProtected",,,9,0,9,1,5,3,4,1,"0,11",,,,,,,,,,,,,,,,,,,,,,3,6,5,7,4,,,0,,,1,,,,,,,
Public Method,"se.callista.microservises.support.oauth.ApplicationTests.userEndpointProtected",,,9,0,9,1,5,3,4,1,"0,11",,,,,,,,,,,,,,,,,,,,,,3,6,5,7,4,,,0,,,1,,,,,,,
Public Class,"se.callista.microservises.support.oauth.AuthserverApplication",1,,23,4,18,1,8,4,5,,"0,06",4,0,4,0,1,13,8,0,,1,1,,,1,0,2,15,0,0,0,2,,10,5,,5,1,1,0,0,0,2,,,,,,,
Lambda Method,"se.callista.microservises.support.oauth.AuthserverApplication.(lambda_expr_1)",,,1,0,1,0,0,0,0,1,"0,00",,,,,,,,,,,,,,,,,,,,,,0,0,1,1,0,,,0,,,1,,,,,,,
Public Static Method,"se.callista.microservises.support.oauth.AuthserverApplication.main",,,3,0,3,0,2,1,1,1,"0,00",,,,,,,,,,,,,,,,,,,,,,1,1,1,1,1,,,0,,,1,,,,,,,
Public Method,"se.callista.microservises.support.oauth.AuthserverApplication.user",,,4,0,4,0,2,1,1,1,"0,00",,,,,,,,,,,,,,,,,,,,,,1,2,1,1,1,,,0,,,1,,,,,,,
Package,"se.callista.microservises.support.turbine",1,1,36,8,27,1,20,17,5,,"0,04",4,1,3,0,,,,,1,1,1,,,0,0,1,,0,0,0,1,,21,5,,18,1,,0,,,2,,,,,,,
Public Class,"se.callista.microservises.support.turbine.TurbineApplication",1,,20,5,14,1,7,4,5,,"0,07",6,2,4,0,1,11,7,0,,1,1,,,0,0,1,14,0,0,0,1,,8,5,,5,1,1,0,0,0,1,,,,,,,
Lambda Method,"se.callista.microservises.support.turbine.TurbineApplication.(lambda_expr_1)",,,1,0,1,0,0,0,0,1,"0,00",,,,,,,,,,,,,,,,,,,,,,0,0,1,1,0,,,0,,,1,,,,,,,
Public Static Method,"se.callista.microservises.support.turbine.TurbineApplication.main",,,6,2,4,0,3,2,2,1,"0,00",,,,,,,,,,,,,,,,,,,,,,2,2,2,4,2,,,0,,,1,,,,,,,
Package,"se.callista.microservises.workshop",0,0,0,0,0,0,0,0,0,,"0,00",0,0,0,0,,,,,0,0,0,,,0,0,0,,0,0,0,0,,0,0,,0,0,,0,,,0,,,,,,,
Package,"se.callista.microservises.workshop.zipkin",1,2,53,10,27,16,16,15,1,,"0,59",3,0,3,0,,,,,2,1,0,,,1,0,2,,0,0,0,2,,22,1,,12,1,,0,,,2,,,,,,,
Public Class,"se.callista.microservises.workshop.zipkin.ZipkinServerApplication",1,,8,1,7,0,3,2,1,,"0,00",3,0,3,0,1,5,3,0,,1,0,,,0,0,1,13,0,0,0,1,,4,1,,1,1,1,0,0,0,1,,,,,,,
Public Static Method,"se.callista.microservises.workshop.zipkin.ZipkinServerApplication.main",,,3,0,3,0,2,1,1,1,"0,00",,,,,,,,,,,,,,,,,,,,,,1,1,1,1,1,,,0,,,1,,,,,,,
Public Class,"se.callista.microservises.workshop.zipkin.ZipkinServerApplicationTests",1,,11,2,9,0,2,2,0,,"0,00",3,0,3,0,1,5,5,0,,0,0,,,1,0,1,13,0,0,0,1,,7,0,,0,1,1,0,0,0,1,,,,,,,
Public Method,"se.callista.microservises.workshop.zipkin.ZipkinServerApplicationTests.contextLoads",,,3,0,3,0,1,1,0,1,"0,00",,,,,,,,,,,,,,,,,,,,,,0,2,0,0,0,,,0,,,1,,,,,,,
File,"wro.xml",0,,7,0,7,0,0,0,0,0,"0,00",0,0,0,0,,,,,0,,,0,0,,,,,,,,,,,,,,0,,0,,,0,,,,0,0,"0,00","0,00"
