Kind,Name,AvgCountLine,AvgCountLineBlank,AvgCountLineCode,AvgCountLineComment,AvgCyclomatic,CountClassBase,CountClassCoupled,CountClassCoupledModified,CountClassDerived,CountDeclClass,CountDeclClassMethod,CountDeclClassVariable,CountDeclExecutableUnit,CountDeclFile,CountDeclInstanceMethod,CountDeclInstanceVariable,CountDeclMethod,CountDeclMethodAll,CountDeclMethodPrivate,CountDeclMethodProtected,CountDeclMethodPublic,CountDeclMethodStrictPrivate,CountDeclMethodStrictPublished,CountDeclModule,CountDeclProperty,CountDeclSubprogram,CountLine,CountLineBlank,CountLineCode,CountLineCodeDecl,CountLineCodeExe,CountLineComment,CountLineInactive,CountStmt,CountStmtDecl,CountStmtExe,Cyclomatic,MaxCyclomatic,MaxInheritanceTree,MaxNesting,PercentLackOfCohesion,PercentLackOfCohesionModified,RatioCommentToCode,SumCyclomatic,CountDeclFunction,CountDeclMethodDefault,CountInput,CountOutput,CountSemicolon,CountDeclInstanceVariablePrivate,CountDeclInstanceVariableProtected,CountDeclInstanceVariablePublic,CountCCViol,CountCCViolType,CCViolDensityLine,CCViolDensityCode
File,"Config.java",5,0,5,0,1,,,,,1,0,0,1,,1,0,1,,0,0,0,,,,,,26,4,13,10,1,9,,8,7,1,,1,,0,,,"0,69",1,1,1,,,6,,,,0,0,"0,00","0,00"
File,"ConfigServiceApplication.java",3,0,3,0,1,,,,,1,1,0,1,,0,0,1,,0,0,1,,,,,,14,3,11,8,1,0,,7,6,1,,1,,0,,,"0,00",1,1,0,,,5,,,,0,0,"0,00","0,00"
File,"ConfigServiceApplicationTests.java",3,0,3,0,1,,,,,1,0,0,1,,1,0,1,,0,0,1,,,,,,16,4,12,10,0,0,,7,7,0,,1,,0,,,"0,00",1,1,0,,,5,,,,0,0,"0,00","0,00"
File,"EurekaServiceApplication.java",3,0,3,0,1,,,,,1,1,0,1,,0,0,1,,0,0,1,,,,,,14,3,11,8,1,0,,7,6,1,,1,,0,,,"0,00",1,1,0,,,5,,,,0,0,"0,00","0,00"
File,"EurekaServiceApplicationTests.java",3,0,3,0,1,,,,,1,0,0,1,,1,0,1,,0,0,1,,,,,,16,4,12,10,0,0,,7,7,0,,1,,0,,,"0,00",1,1,0,,,5,,,,0,0,"0,00","0,00"
File,"MainController.java",8,0,8,0,1,,,,,1,0,0,3,,3,2,3,,0,0,3,,,,,,71,8,54,37,14,10,,41,30,12,,2,,1,,,"0,19",4,3,0,,,36,,,,0,0,"0,00","0,00"
File,"MongoConfig.java",4,0,4,0,1,,,,,1,0,0,2,,2,0,2,,0,1,1,,,,,,30,5,16,11,2,9,,10,8,2,,1,,0,,,"0,56",2,2,0,,,7,,,,0,0,"0,00","0,00"
File,"Movie.java",3,0,3,0,1,,,,,1,0,0,10,,10,4,10,,0,0,10,,,,,,75,18,48,26,11,9,,32,21,11,,1,,0,,,"0,19",10,10,0,,,21,,,,0,0,"0,00","0,00"
File,"Movie.java",3,0,3,0,1,,,,,1,0,0,11,,11,4,11,,0,0,11,,,,,,81,18,54,26,16,9,,38,22,16,,1,,0,,,"0,17",11,11,0,,,26,,,,0,0,"0,00","0,00"
File,"MovieController.java",10,0,10,0,1,,,,,1,0,0,5,,4,1,4,,0,0,4,,,,,,83,8,66,29,36,9,,49,22,31,,1,,0,,,"0,14",5,5,0,,,44,,,,0,0,"0,00","0,00"
File,"MovieDTO.java",3,0,3,0,1,,,,,1,0,0,6,,6,2,6,,0,0,6,,,,,,41,9,23,10,6,9,,16,10,6,,1,,0,,,"0,39",6,6,0,,,9,,,,0,0,"0,00","0,00"
File,"MovieDTO.java",3,0,3,0,1,,,,,1,0,0,9,,9,3,9,,0,0,9,,,,,,58,14,35,14,11,9,,25,14,11,,1,,0,,,"0,26",9,9,0,,,15,,,,0,0,"0,00","0,00"
File,"MovieRepo.java",0,0,0,0,0,,,,,1,0,0,0,,1,0,1,,0,0,1,,,,,,17,3,5,4,0,9,,4,4,0,,0,,0,,,"1,80",0,1,0,,,3,,,,0,0,"0,00","0,00"
File,"MovieRepo.java",0,0,0,0,0,,,,,1,0,0,0,,2,0,2,,0,0,2,,,,,,30,4,17,16,0,9,,7,7,0,,0,,0,,,"0,53",0,2,0,,,6,,,,0,0,"0,00","0,00"
File,"MovieService.java",0,0,0,0,0,,,,,1,0,0,0,,2,0,2,,0,0,0,,,,,,26,5,12,11,0,9,,8,8,0,,0,,0,,,"0,75",0,2,2,,,7,,,,0,0,"0,00","0,00"
File,"MovieServiceApplication.java",3,0,3,0,1,,,,,1,1,0,1,,0,0,1,,0,0,1,,,,,,14,3,11,8,1,0,,7,6,1,,1,,0,,,"0,00",1,1,0,,,5,,,,0,0,"0,00","0,00"
File,"MovieServiceApplicationTests.java",3,0,3,0,1,,,,,1,0,0,1,,1,0,1,,0,0,1,,,,,,16,4,12,10,0,0,,7,7,0,,1,,0,,,"0,00",1,1,0,,,5,,,,0,0,"0,00","0,00"
File,"MyConfiguration.java",7,0,7,1,1,,,,,1,0,0,3,,3,0,3,,0,0,3,,,,,,53,7,35,24,8,12,,19,15,5,,1,,0,,,"0,34",3,3,0,,,15,,,,0,0,"0,00","0,00"
File,"RecommendationClientApplication.java",3,0,3,0,1,,,,,1,1,0,1,,0,0,1,,0,0,1,,,,,,22,3,19,16,1,0,,11,10,1,,1,,0,,,"0,00",1,1,0,,,9,,,,0,0,"0,00","0,00"
File,"RecommendationClientApplicationTests.java",3,0,3,0,1,,,,,1,0,0,1,,1,0,1,,0,0,1,,,,,,16,4,12,10,0,0,,7,7,0,,1,,0,,,"0,00",1,1,0,,,5,,,,0,0,"0,00","0,00"
File,"RecommendationClientService.java",12,0,12,1,1,,,,,4,0,1,8,,3,1,3,,1,0,2,,,,,,95,12,74,51,41,12,,54,39,32,,1,,0,,,"0,16",8,8,0,,,51,,,,0,0,"0,00","0,00"
File,"RecommendationController.java",10,1,9,0,2,,,,,1,0,0,12,,6,2,6,,0,0,6,,,,,,124,22,92,36,49,10,,68,30,45,,3,,2,,,"0,11",19,12,0,,,54,,,,0,0,"0,00","0,00"
File,"RecommendationDTO.java",3,0,3,0,1,,,,,1,0,0,6,,6,2,6,,0,0,6,,,,,,47,10,28,14,7,9,,21,14,7,,1,,0,,,"0,32",6,6,0,,,14,,,,0,0,"0,00","0,00"
File,"RecommendationData.java",3,0,3,0,1,,,,,1,0,0,6,,6,2,6,,0,0,6,,,,,,44,10,25,12,6,9,,17,11,6,,1,,0,,,"0,36",6,6,0,,,10,,,,0,0,"0,00","0,00"
File,"RecommendationService.java",0,0,0,0,0,,,,,1,0,0,0,,1,0,1,,0,0,0,,,,,,22,4,9,8,0,9,,6,6,0,,0,,0,,,"1,00",0,1,1,,,5,,,,0,0,"0,00","0,00"
File,"RecommendationServiceApplication.java",3,0,3,0,1,,,,,1,1,0,1,,0,0,1,,0,0,1,,,,,,14,3,11,8,1,0,,7,6,1,,1,,0,,,"0,00",1,1,0,,,5,,,,0,0,"0,00","0,00"
File,"RecommendationServiceApplicationTests.java",3,0,3,0,1,,,,,1,0,0,1,,1,0,1,,0,0,1,,,,,,16,4,12,10,0,0,,7,7,0,,1,,0,,,"0,00",1,1,0,,,5,,,,0,0,"0,00","0,00"
File,"RecommendedMovieDTO.java",3,0,3,0,1,,,,,1,0,0,6,,6,2,6,,0,0,6,,,,,,41,9,23,10,6,9,,16,10,6,,1,,0,,,"0,39",6,6,0,,,9,,,,0,0,"0,00","0,00"
File,"User.java",3,0,3,0,1,,,,,1,0,0,13,,13,5,13,,0,0,13,,,,,,91,21,61,29,18,9,,43,25,18,,1,,0,,,"0,15",13,13,0,,,29,,,,0,0,"0,00","0,00"
File,"User.java",3,0,3,0,1,,,,,1,0,0,4,,4,4,4,,0,0,4,,,,,,46,10,27,19,3,9,,18,15,3,,1,,0,,,"0,33",4,4,0,,,13,,,,0,0,"0,00","0,00"
File,"UserController.java",4,0,4,0,1,,,,,1,0,0,2,,2,1,2,,0,0,2,,,,,,38,8,21,16,2,9,,13,11,2,,1,,0,,,"0,43",2,2,0,,,10,,,,0,0,"0,00","0,00"
File,"UserDTO.java",3,0,3,0,1,,,,,1,0,0,6,,6,2,6,,0,0,6,,,,,,42,10,23,10,6,9,,16,10,6,,1,,0,,,"0,39",6,6,0,,,9,,,,0,0,"0,00","0,00"
File,"UserRepo.java",0,0,0,0,0,,,,,1,0,0,0,,0,0,0,,0,0,0,,,,,,16,3,4,3,0,9,,3,3,0,,0,,0,,,"2,25",0,0,0,,,2,,,,0,0,"0,00","0,00"
File,"UserRepo.java",0,0,0,0,0,,,,,1,0,0,0,,0,0,0,,0,0,0,,,,,,16,3,4,3,0,9,,3,3,0,,0,,0,,,"2,25",0,0,0,,,2,,,,0,0,"0,00","0,00"
File,"UserService.java",0,0,0,0,0,,,,,1,0,0,0,,3,0,3,,0,0,0,,,,,,31,6,16,15,0,9,,11,11,0,,0,,0,,,"0,56",0,3,3,,,10,,,,0,0,"0,00","0,00"
File,"UserServiceApplication.java",3,0,3,0,1,,,,,1,1,0,1,,0,0,1,,0,0,1,,,,,,14,3,11,8,1,0,,7,6,1,,1,,0,,,"0,00",1,1,0,,,5,,,,0,0,"0,00","0,00"
File,"UserServiceApplicationTests.java",3,0,3,0,1,,,,,1,0,0,1,,1,0,1,,0,0,1,,,,,,16,4,12,10,0,0,,7,7,0,,1,,0,,,"0,00",1,1,0,,,5,,,,0,0,"0,00","0,00"
Package,"com",0,0,0,0,0,,,,,0,0,0,,0,0,0,0,,0,0,0,,,,,,0,0,0,0,0,0,,0,0,0,,0,,0,,,"0,00",0,,0,,,0,,,,,,,
Package,"com.example",5,0,5,0,1,,,,,29,6,0,,29,80,27,86,,0,1,84,,,,,,1070,203,711,427,178,158,,477,326,164,,3,,2,,,"0,22",98,,1,,,357,,,,,,,
Public Class,"com.example.Config",5,0,5,0,1,1,4,4,0,,0,0,,,1,0,1,13,0,0,0,,,,,,14,2,8,5,1,4,,3,2,1,,1,1,0,0,0,"0,50",1,,1,,,1,,,,,,,
Method,"com.example.Config.restTemplate",,,,,,,,,,,,,,,,,,,,,,,,,,,5,0,5,3,1,0,,2,1,1,1,,,0,,,"0,00",1,,,0,1,1,,,,,,,
Public Class,"com.example.ConfigServiceApplication",3,0,3,0,1,1,5,3,0,,1,0,,,0,0,1,13,0,0,1,,,,,,8,1,7,4,1,0,,3,2,1,,1,1,0,0,0,"0,00",1,,0,,,1,,,,,,,
Public Static Method,"com.example.ConfigServiceApplication.main",,,,,,,,,,,,,,,,,,,,,,,,,,,3,0,3,1,1,0,,2,1,1,1,,,0,,,"0,00",1,,,1,1,1,,,,,,,
Public Class,"com.example.ConfigServiceApplicationTests",3,0,3,0,1,1,3,3,0,,0,0,,,1,0,1,13,0,0,1,,,,,,9,2,7,5,0,0,,2,2,0,,1,1,0,0,0,"0,00",1,,0,,,0,,,,,,,
Public Method,"com.example.ConfigServiceApplicationTests.contextLoads",,,,,,,,,,,,,,,,,,,,,,,,,,,3,0,3,2,0,0,,1,1,0,1,,,0,,,"0,00",1,,,0,0,0,,,,,,,
Public Class,"com.example.EurekaServiceApplication",3,0,3,0,1,1,5,3,0,,1,0,,,0,0,1,13,0,0,1,,,,,,8,1,7,4,1,0,,3,2,1,,1,1,0,0,0,"0,00",1,,0,,,1,,,,,,,
Public Static Method,"com.example.EurekaServiceApplication.main",,,,,,,,,,,,,,,,,,,,,,,,,,,3,0,3,1,1,0,,2,1,1,1,,,0,,,"0,00",1,,,1,1,1,,,,,,,
Public Class,"com.example.EurekaServiceApplicationTests",3,0,3,0,1,1,3,3,0,,0,0,,,1,0,1,13,0,0,1,,,,,,9,2,7,5,0,0,,2,2,0,,1,1,0,0,0,"0,00",1,,0,,,0,,,,,,,
Public Method,"com.example.EurekaServiceApplicationTests.contextLoads",,,,,,,,,,,,,,,,,,,,,,,,,,,3,0,3,2,0,0,,1,1,0,1,,,0,,,"0,00",1,,,0,0,0,,,,,,,
Public Class,"com.example.MainController",8,0,8,0,1,1,20,11,0,,0,0,,,3,2,3,15,0,0,3,,,,,,42,6,32,15,14,5,,19,8,12,,2,1,1,67,67,"0,16",4,,0,,,14,,,,,,,
Public Method,"com.example.MainController.getRecommendation",,,,,,,,,,,,,,,,,,,,,,,,,,,11,0,11,4,6,1,,6,2,4,2,,,1,,,"0,09",2,,,6,7,4,,,,,,,
Public Method,"com.example.MainController.getUserDetails",,,,,,,,,,,,,,,,,,,,,,,,,,,4,0,4,2,1,0,,2,1,1,1,,,0,,,"0,00",1,,,3,2,1,,,,,,,
Public Method,"com.example.MainController.recoveryRecommendation",,,,,,,,,,,,,,,,,,,,,,,,,,,9,0,9,2,7,0,,8,2,7,1,,,0,,,"0,00",1,,,0,4,7,,,,,,,
Public Class,"com.example.MongoConfig",4,0,4,0,1,1,6,3,0,,0,0,,,2,0,2,14,0,1,1,,,,,,18,3,11,6,2,4,,5,3,2,,1,2,0,0,0,"0,36",2,,0,,,2,,,,,,,
Protected Method,"com.example.MongoConfig.getDatabaseName",,,,,,,,,,,,,,,,,,,,,,,,,,,4,0,4,2,1,0,,2,1,1,1,,,0,,,"0,00",1,,,0,1,1,,,,,,,
Public Method,"com.example.MongoConfig.mongo",,,,,,,,,,,,,,,,,,,,,,,,,,,4,0,4,2,1,0,,2,1,1,1,,,0,,,"0,00",1,,,0,1,1,,,,,,,
Public Class,"com.example.Movie",3,0,3,0,1,1,8,5,0,,0,0,,,10,4,10,22,0,0,10,,,,,,61,15,42,20,11,4,,26,15,11,,1,1,0,75,75,"0,10",10,,0,,,15,,,,,,,
Public Class,"com.example.Movie",3,0,3,0,1,1,6,3,0,,0,0,,,11,4,11,23,0,0,11,,,,,,68,16,48,20,16,4,,32,16,16,,1,1,0,64,64,"0,08",11,,0,,,20,,,,,,,
Public Constructor,"com.example.Movie.Movie",,,,,,,,,,,,,,,,,,,,,,,,,,,2,0,2,1,0,0,,1,1,0,1,,,0,,,"0,00",1,,,0,1,0,,,,,,,
Public Constructor,"com.example.Movie.Movie",,,,,,,,,,,,,,,,,,,,,,,,,,,5,0,5,1,3,0,,4,1,3,1,,,0,,,"0,00",1,,,3,5,3,,,,,,,
Public Constructor,"com.example.Movie.Movie",,,,,,,,,,,,,,,,,,,,,,,,,,,4,0,4,1,2,0,,3,1,2,1,,,0,,,"0,00",1,,,0,4,2,,,,,,,
Public Constructor,"com.example.Movie.Movie",,,,,,,,,,,,,,,,,,,,,,,,,,,5,0,5,1,3,0,,4,1,3,1,,,0,,,"0,00",1,,,1,5,3,,,,,,,
Public Constructor,"com.example.Movie.Movie",,,,,,,,,,,,,,,,,,,,,,,,,,,5,0,5,1,3,0,,4,1,3,1,,,0,,,"0,00",1,,,3,4,3,,,,,,,
Public Method,"com.example.Movie.getCreatedDate",,,,,,,,,,,,,,,,,,,,,,,,,,,3,0,3,1,1,0,,2,1,1,1,,,0,,,"0,00",1,,,1,1,1,,,,,,,
Public Method,"com.example.Movie.getDislikes",,,,,,,,,,,,,,,,,,,,,,,,,,,3,0,3,1,1,0,,2,1,1,1,,,0,,,"0,00",1,,,1,1,1,,,,,,,
Public Method,"com.example.Movie.getGraphId",,,,,,,,,,,,,,,,,,,,,,,,,,,3,0,3,1,1,0,,2,1,1,1,,,0,,,"0,00",1,,,1,1,1,,,,,,,
Public Method,"com.example.Movie.getId",,,,,,,,,,,,,,,,,,,,,,,,,,,3,0,3,1,1,0,,2,1,1,1,,,0,,,"0,00",1,,,1,1,1,,,,,,,
Public Method,"com.example.Movie.getId",,,,,,,,,,,,,,,,,,,,,,,,,,,3,0,3,1,1,0,,2,1,1,1,,,0,,,"0,00",1,,,1,1,1,,,,,,,
Public Method,"com.example.Movie.getLikes",,,,,,,,,,,,,,,,,,,,,,,,,,,3,0,3,1,1,0,,2,1,1,1,,,0,,,"0,00",1,,,1,1,1,,,,,,,
Public Method,"com.example.Movie.getMovieId",,,,,,,,,,,,,,,,,,,,,,,,,,,3,0,3,1,1,0,,2,1,1,1,,,0,,,"0,00",1,,,2,1,1,,,,,,,
Public Method,"com.example.Movie.getName",,,,,,,,,,,,,,,,,,,,,,,,,,,3,0,3,1,1,0,,2,1,1,1,,,0,,,"0,00",1,,,2,1,1,,,,,,,
Public Method,"com.example.Movie.setCreatedDate",,,,,,,,,,,,,,,,,,,,,,,,,,,3,0,3,1,1,0,,2,1,1,1,,,0,,,"0,00",1,,,1,1,1,,,,,,,
Public Method,"com.example.Movie.setDislikes",,,,,,,,,,,,,,,,,,,,,,,,,,,3,0,3,1,1,0,,2,1,1,1,,,0,,,"0,00",1,,,1,1,1,,,,,,,
Public Method,"com.example.Movie.setGraphId",,,,,,,,,,,,,,,,,,,,,,,,,,,3,0,3,1,1,0,,2,1,1,1,,,0,,,"0,00",1,,,1,1,1,,,,,,,
Public Method,"com.example.Movie.setId",,,,,,,,,,,,,,,,,,,,,,,,,,,3,0,3,1,1,0,,2,1,1,1,,,0,,,"0,00",1,,,1,1,1,,,,,,,
Public Method,"com.example.Movie.setLikes",,,,,,,,,,,,,,,,,,,,,,,,,,,3,0,3,1,1,0,,2,1,1,1,,,0,,,"0,00",1,,,1,1,1,,,,,,,
Public Method,"com.example.Movie.setMovieId",,,,,,,,,,,,,,,,,,,,,,,,,,,3,0,3,1,1,0,,2,1,1,1,,,0,,,"0,00",1,,,1,1,1,,,,,,,
Public Method,"com.example.Movie.setName",,,,,,,,,,,,,,,,,,,,,,,,,,,3,0,3,1,1,0,,2,1,1,1,,,0,,,"0,00",1,,,1,1,1,,,,,,,
Public Method,"com.example.Movie.toDTO",,,,,,,,,,,,,,,,,,,,,,,,,,,3,0,3,1,1,0,,2,1,1,1,,,0,,,"0,00",1,,,0,2,1,,,,,,,
Public Class,"com.example.MovieController",12,0,12,0,1,1,21,10,0,,0,0,,,4,1,4,16,0,0,4,,,,,,64,6,54,17,36,4,,37,10,31,,1,1,0,25,25,"0,07",5,,0,,,32,,,,,,,
Public Method,"com.example.MovieController.getAllMovies",,,,,,,,,,,,,,,,,,,,,,,,,,,7,0,7,2,4,0,,2,1,1,1,,,0,,,"0,00",1,,,3,6,1,,,,,,,
Public Method,"com.example.MovieController.getListMovies",,,,,,,,,,,,,,,,,,,,,,,,,,,13,0,13,6,10,0,,9,5,8,1,,,0,,,"0,00",2,,,5,6,8,,,,,,,
Lambda Method,"com.example.MovieController.getListMovies.(lambda_expr_1)",,,,,,,,,,,,,,,,,,,,,,,,,,,4,0,4,1,3,0,,2,1,2,1,,,0,,,"0,00",1,,,2,5,2,,,,,,,
Public Method,"com.example.MovieController.getMovie",,,,,,,,,,,,,,,,,,,,,,,,,,,4,0,4,2,1,0,,2,1,1,1,,,0,,,"0,00",1,,,4,2,1,,,,,,,
Public Method,"com.example.MovieController.insertDummyData",,,,,,,,,,,,,,,,,,,,,,,,,,,24,0,24,2,21,0,,22,1,21,1,,,0,,,"0,00",1,,,3,3,21,,,,,,,
Public Class,"com.example.MovieDTO",3,0,3,0,1,1,3,1,0,,0,0,,,6,2,6,18,0,0,6,,,,,,34,8,22,9,6,4,,15,9,6,,1,1,0,50,50,"0,18",6,,0,,,8,,,,,,,
Public Constructor,"com.example.MovieDTO.MovieDTO",,,,,,,,,,,,,,,,,,,,,,,,,,,4,0,4,1,2,0,,3,1,2,1,,,0,,,"0,00",1,,,3,5,2,,,,,,,
Public Constructor,"com.example.MovieDTO.MovieDTO",,,,,,,,,,,,,,,,,,,,,,,,,,,2,0,2,1,0,0,,1,1,0,1,,,0,,,"0,00",1,,,0,1,0,,,,,,,
Public Method,"com.example.MovieDTO.getMovieId",,,,,,,,,,,,,,,,,,,,,,,,,,,3,0,3,1,1,0,,2,1,1,1,,,0,,,"0,00",1,,,1,1,1,,,,,,,
Public Method,"com.example.MovieDTO.getName",,,,,,,,,,,,,,,,,,,,,,,,,,,3,0,3,1,1,0,,2,1,1,1,,,0,,,"0,00",1,,,1,1,1,,,,,,,
Public Method,"com.example.MovieDTO.setMovieId",,,,,,,,,,,,,,,,,,,,,,,,,,,3,0,3,1,1,0,,2,1,1,1,,,0,,,"0,00",1,,,1,1,1,,,,,,,
Public Method,"com.example.MovieDTO.setName",,,,,,,,,,,,,,,,,,,,,,,,,,,3,0,3,1,1,0,,2,1,1,1,,,0,,,"0,00",1,,,1,1,1,,,,,,,
Public Interface,"com.example.MovieRepo",0,0,0,0,0,1,2,1,0,,0,0,,,1,0,1,13,0,0,1,,,,,,2,0,2,2,0,0,,2,2,0,,0,2,0,0,0,"0,00",0,,0,,,1,,,,,,,
Public Interface,"com.example.MovieRepo",0,0,0,0,0,1,3,1,0,,0,0,,,2,0,2,14,0,0,2,,,,,,15,2,13,12,0,0,,3,3,0,,0,2,0,0,0,"0,00",0,,0,,,2,,,,,,,
Public Abstract Method,"com.example.MovieRepo.findByMovieId",,,,,,,,,,,,,,,,,,,,,,,,,,,1,0,1,1,0,0,,1,1,0,0,,,0,,,"0,00",0,,,2,1,1,,,,,,,
Public Abstract Method,"com.example.MovieRepo.getRecommendationForUser",,,,,,,,,,,,,,,,,,,,,,,,,,,6,0,6,6,0,0,,1,1,0,0,,,0,,,"0,00",0,,,0,1,1,,,,,,,
Public Abstract Method,"com.example.MovieRepo.getTopFiveMovies",,,,,,,,,,,,,,,,,,,,,,,,,,,5,0,5,5,0,0,,1,1,0,0,,,0,,,"0,00",0,,,0,1,1,,,,,,,
Public Class,"com.example.MovieServiceApplication",3,0,3,0,1,1,5,3,0,,1,0,,,0,0,1,13,0,0,1,,,,,,8,1,7,4,1,0,,3,2,1,,1,1,0,0,0,"0,00",1,,0,,,1,,,,,,,
Public Static Method,"com.example.MovieServiceApplication.main",,,,,,,,,,,,,,,,,,,,,,,,,,,3,0,3,1,1,0,,2,1,1,1,,,0,,,"0,00",1,,,1,1,1,,,,,,,
Public Class,"com.example.MovieServiceApplicationTests",3,0,3,0,1,1,3,3,0,,0,0,,,1,0,1,13,0,0,1,,,,,,9,2,7,5,0,0,,2,2,0,,1,1,0,0,0,"0,00",1,,0,,,0,,,,,,,
Public Method,"com.example.MovieServiceApplicationTests.contextLoads",,,,,,,,,,,,,,,,,,,,,,,,,,,3,0,3,2,0,0,,1,1,0,1,,,0,,,"0,00",1,,,0,0,0,,,,,,,
Public Class,"com.example.MyConfiguration",7,0,7,1,1,1,11,9,0,,0,0,,,3,0,3,15,0,0,3,,,,,,34,4,24,14,8,7,,9,5,5,,1,2,0,0,0,"0,29",3,,0,,,5,,,,,,,
Public Method,"com.example.MyConfiguration.getConfiguration",,,,,,,,,,,,,,,,,,,,,,,,,,,9,0,9,3,6,1,,4,2,3,1,,,0,,,"0,11",1,,,1,4,3,,,,,,,
Public Method,"com.example.MyConfiguration.getSession",,,,,,,,,,,,,,,,,,,,,,,,,,,6,0,6,4,1,0,,2,1,1,1,,,0,,,"0,00",1,,,2,2,1,,,,,,,
Public Method,"com.example.MyConfiguration.getSessionFactory",,,,,,,,,,,,,,,,,,,,,,,,,,,6,0,5,3,1,1,,2,1,1,1,,,0,,,"0,20",1,,,0,2,1,,,,,,,
Public Class,"com.example.RecommendationClientApplication",3,0,3,0,1,1,9,7,0,,1,0,,,0,0,1,13,0,0,1,,,,,,12,1,11,8,1,0,,3,2,1,,1,1,0,0,0,"0,00",1,,0,,,1,,,,,,,
Public Static Method,"com.example.RecommendationClientApplication.main",,,,,,,,,,,,,,,,,,,,,,,,,,,3,0,3,1,1,0,,2,1,1,1,,,0,,,"0,00",1,,,1,1,1,,,,,,,
Public Class,"com.example.RecommendationClientApplicationTests",3,0,3,0,1,1,3,3,0,,0,0,,,1,0,1,13,0,0,1,,,,,,9,2,7,5,0,0,,2,2,0,,1,1,0,0,0,"0,00",1,,0,,,0,,,,,,,
Public Method,"com.example.RecommendationClientApplicationTests.contextLoads",,,,,,,,,,,,,,,,,,,,,,,,,,,3,0,3,2,0,0,,1,1,0,1,,,0,,,"0,00",1,,,0,0,0,,,,,,,
Public Class,"com.example.RecommendationController",14,2,12,0,2,1,15,9,0,,0,0,,,6,2,6,18,0,0,6,,,,,,107,20,82,26,49,5,,58,20,45,,3,1,2,42,42,"0,06",19,,0,,,44,,,,,,,
Public Method,"com.example.RecommendationController.addDummyData",,,,,,,,,,,,,,,,,,,,,,,,,,,52,10,42,6,33,0,,36,9,31,3,,,2,,,"0,00",11,,,8,9,29,,,,,,,
Lambda Method,"com.example.RecommendationController.addDummyData.(lambda_expr_1)",,,,,,,,,,,,,,,,,,,,,,,,,,,3,0,3,0,2,0,,1,0,1,1,,,0,,,"0,00",1,,,1,2,1,,,,,,,
Lambda Method,"com.example.RecommendationController.addDummyData.(lambda_expr_2)",,,,,,,,,,,,,,,,,,,,,,,,,,,1,0,1,0,1,0,,0,0,0,1,,,0,,,"0,00",1,,,1,2,0,,,,,,,
Lambda Method,"com.example.RecommendationController.addDummyData.(lambda_expr_3)",,,,,,,,,,,,,,,,,,,,,,,,,,,12,0,12,1,9,0,,10,2,9,3,,,0,,,"0,00",3,,,3,10,8,,,,,,,
Lambda Method,"com.example.RecommendationController.addDummyData.(lambda_expr_4)",,,,,,,,,,,,,,,,,,,,,,,,,,,12,1,11,1,8,0,,8,2,7,3,,,0,,,"0,00",3,,,2,10,6,,,,,,,
Public Method,"com.example.RecommendationController.getAllMovies",,,,,,,,,,,,,,,,,,,,,,,,,,,8,0,8,3,5,0,,5,2,4,1,,,0,,,"0,00",2,,,4,4,4,,,,,,,
Lambda Method,"com.example.RecommendationController.getAllMovies.(lambda_expr_1)",,,,,,,,,,,,,,,,,,,,,,,,,,,3,0,3,0,2,0,,1,0,1,1,,,0,,,"0,00",1,,,1,2,1,,,,,,,
Public Method,"com.example.RecommendationController.getAllUsers",,,,,,,,,,,,,,,,,,,,,,,,,,,8,0,8,3,5,0,,5,2,4,1,,,0,,,"0,00",2,,,4,4,4,,,,,,,
Lambda Method,"com.example.RecommendationController.getAllUsers.(lambda_expr_1)",,,,,,,,,,,,,,,,,,,,,,,,,,,3,0,3,0,2,0,,1,0,1,1,,,0,,,"0,00",1,,,1,2,1,,,,,,,
Public Method,"com.example.RecommendationController.getMovie",,,,,,,,,,,,,,,,,,,,,,,,,,,4,0,4,2,1,0,,2,1,1,1,,,0,,,"0,00",1,,,4,2,1,,,,,,,
Public Method,"com.example.RecommendationController.getRecommendationForUser",,,,,,,,,,,,,,,,,,,,,,,,,,,10,1,8,3,4,1,,5,2,4,2,,,1,,,"0,13",2,,,4,4,3,,,,,,,
Public Method,"com.example.RecommendationController.getUser",,,,,,,,,,,,,,,,,,,,,,,,,,,4,0,4,2,1,0,,2,1,1,1,,,0,,,"0,00",1,,,4,2,1,,,,,,,
Public Class,"com.example.RecommendationData",3,0,3,0,1,1,2,1,0,,0,0,,,6,2,6,18,0,0,6,,,,,,35,8,23,10,6,4,,15,9,6,,1,1,0,50,50,"0,17",6,,0,,,8,,,,,,,
Public Constructor,"com.example.RecommendationData.RecommendationData",,,,,,,,,,,,,,,,,,,,,,,,,,,2,0,2,1,0,0,,1,1,0,1,,,0,,,"0,00",1,,,0,1,0,,,,,,,
Public Constructor,"com.example.RecommendationData.RecommendationData",,,,,,,,,,,,,,,,,,,,,,,,,,,4,0,4,1,2,0,,3,1,2,1,,,0,,,"0,00",1,,,2,3,2,,,,,,,
Public Method,"com.example.RecommendationData.getId",,,,,,,,,,,,,,,,,,,,,,,,,,,3,0,3,1,1,0,,2,1,1,1,,,0,,,"0,00",1,,,1,1,1,,,,,,,
Public Method,"com.example.RecommendationData.getLikes",,,,,,,,,,,,,,,,,,,,,,,,,,,3,0,3,1,1,0,,2,1,1,1,,,0,,,"0,00",1,,,1,1,1,,,,,,,
Public Method,"com.example.RecommendationData.setId",,,,,,,,,,,,,,,,,,,,,,,,,,,3,0,3,1,1,0,,2,1,1,1,,,0,,,"0,00",1,,,1,1,1,,,,,,,
Public Method,"com.example.RecommendationData.setLikes",,,,,,,,,,,,,,,,,,,,,,,,,,,3,0,3,1,1,0,,2,1,1,1,,,0,,,"0,00",1,,,1,1,1,,,,,,,
Public Class,"com.example.RecommendationServiceApplication",3,0,3,0,1,1,5,3,0,,1,0,,,0,0,1,13,0,0,1,,,,,,7,1,6,4,1,0,,3,2,1,,1,1,0,0,0,"0,00",1,,0,,,1,,,,,,,
Public Static Method,"com.example.RecommendationServiceApplication.main",,,,,,,,,,,,,,,,,,,,,,,,,,,3,0,3,1,1,0,,2,1,1,1,,,0,,,"0,00",1,,,1,1,1,,,,,,,
Public Class,"com.example.RecommendationServiceApplicationTests",3,0,3,0,1,1,3,3,0,,0,0,,,1,0,1,13,0,0,1,,,,,,9,2,7,5,0,0,,2,2,0,,1,1,0,0,0,"0,00",1,,0,,,0,,,,,,,
Public Method,"com.example.RecommendationServiceApplicationTests.contextLoads",,,,,,,,,,,,,,,,,,,,,,,,,,,3,0,3,2,0,0,,1,1,0,1,,,0,,,"0,00",1,,,0,0,0,,,,,,,
Public Class,"com.example.User",3,0,3,0,1,1,7,3,0,,0,0,,,13,5,13,25,0,0,13,,,,,,78,19,55,23,18,4,,37,19,18,,1,1,0,72,72,"0,07",13,,0,,,23,,,,,,,
Public Class,"com.example.User",3,0,3,0,1,2,6,4,0,,0,0,,,4,4,4,16,0,0,4,,,,,,33,8,21,13,3,4,,12,9,3,,1,1,0,81,81,"0,19",4,,0,,,7,,,,,,,
Public Constructor,"com.example.User.User",,,,,,,,,,,,,,,,,,,,,,,,,,,5,0,5,1,3,0,,4,1,3,1,,,0,,,"0,00",1,,,2,5,3,,,,,,,
Public Constructor,"com.example.User.User",,,,,,,,,,,,,,,,,,,,,,,,,,,4,0,4,1,2,0,,3,1,2,1,,,0,,,"0,00",1,,,0,4,2,,,,,,,
Public Constructor,"com.example.User.User",,,,,,,,,,,,,,,,,,,,,,,,,,,5,0,5,1,3,0,,4,1,3,1,,,0,,,"0,00",1,,,3,4,3,,,,,,,
Public Constructor,"com.example.User.User",,,,,,,,,,,,,,,,,,,,,,,,,,,2,0,2,1,0,0,,1,1,0,1,,,0,,,"0,00",1,,,0,1,0,,,,,,,
Public Method,"com.example.User.getFollowing",,,,,,,,,,,,,,,,,,,,,,,,,,,3,0,3,1,1,0,,2,1,1,1,,,0,,,"0,00",1,,,2,1,1,,,,,,,
Public Method,"com.example.User.getGraphId",,,,,,,,,,,,,,,,,,,,,,,,,,,3,0,3,1,1,0,,2,1,1,1,,,0,,,"0,00",1,,,1,1,1,,,,,,,
Public Method,"com.example.User.getId",,,,,,,,,,,,,,,,,,,,,,,,,,,3,0,3,1,1,0,,2,1,1,1,,,0,,,"0,00",1,,,2,1,1,,,,,,,
Public Method,"com.example.User.getId",,,,,,,,,,,,,,,,,,,,,,,,,,,3,0,3,1,1,0,,2,1,1,1,,,0,,,"0,00",1,,,2,1,1,,,,,,,
Public Method,"com.example.User.getLikes",,,,,,,,,,,,,,,,,,,,,,,,,,,3,0,3,1,1,0,,2,1,1,1,,,0,,,"0,00",1,,,2,1,1,,,,,,,
Public Method,"com.example.User.getName",,,,,,,,,,,,,,,,,,,,,,,,,,,3,0,3,1,1,0,,2,1,1,1,,,0,,,"0,00",1,,,1,1,1,,,,,,,
Public Method,"com.example.User.getName",,,,,,,,,,,,,,,,,,,,,,,,,,,3,0,3,1,1,0,,2,1,1,1,,,0,,,"0,00",1,,,1,1,1,,,,,,,
Public Method,"com.example.User.setFollowing",,,,,,,,,,,,,,,,,,,,,,,,,,,3,0,3,1,1,0,,2,1,1,1,,,0,,,"0,00",1,,,1,1,1,,,,,,,
Public Method,"com.example.User.setGraphId",,,,,,,,,,,,,,,,,,,,,,,,,,,3,0,3,1,1,0,,2,1,1,1,,,0,,,"0,00",1,,,1,1,1,,,,,,,
Public Method,"com.example.User.setId",,,,,,,,,,,,,,,,,,,,,,,,,,,3,0,3,1,1,0,,2,1,1,1,,,0,,,"0,00",1,,,1,1,1,,,,,,,
Public Method,"com.example.User.setLikes",,,,,,,,,,,,,,,,,,,,,,,,,,,3,0,3,1,1,0,,2,1,1,1,,,0,,,"0,00",1,,,1,1,1,,,,,,,
Public Method,"com.example.User.setName",,,,,,,,,,,,,,,,,,,,,,,,,,,3,0,3,1,1,0,,2,1,1,1,,,0,,,"0,00",1,,,1,1,1,,,,,,,
Public Method,"com.example.User.setName",,,,,,,,,,,,,,,,,,,,,,,,,,,3,0,3,1,1,0,,2,1,1,1,,,0,,,"0,00",1,,,1,1,1,,,,,,,
Public Class,"com.example.UserController",4,0,4,0,1,1,9,7,0,,0,0,,,2,1,2,14,0,0,2,,,,,,24,6,14,9,2,4,,6,4,2,,1,1,0,0,0,"0,29",2,,0,,,3,,,,,,,
Public Method,"com.example.UserController.getAllUsers",,,,,,,,,,,,,,,,,,,,,,,,,,,4,0,4,2,1,0,,2,1,1,1,,,0,,,"0,00",1,,,2,2,1,,,,,,,
Public Method,"com.example.UserController.getUsers",,,,,,,,,,,,,,,,,,,,,,,,,,,4,0,4,2,1,0,,2,1,1,1,,,0,,,"0,00",1,,,4,2,1,,,,,,,
Public Interface,"com.example.UserRepo",0,0,0,0,0,1,0,0,0,,0,0,,,0,0,0,12,0,0,0,,,,,,7,1,2,1,0,4,,1,1,0,,0,2,0,0,0,"2,00",0,,0,,,0,,,,,,,
Public Interface,"com.example.UserRepo",0,0,0,0,0,1,0,0,0,,0,0,,,0,0,0,12,0,0,0,,,,,,7,1,2,1,0,4,,1,1,0,,0,2,0,0,0,"2,00",0,,0,,,0,,,,,,,
Public Class,"com.example.UserServiceApplication",3,0,3,0,1,1,5,3,0,,1,0,,,0,0,1,13,0,0,1,,,,,,8,1,7,4,1,0,,3,2,1,,1,1,0,0,0,"0,00",1,,0,,,1,,,,,,,
Public Static Method,"com.example.UserServiceApplication.main",,,,,,,,,,,,,,,,,,,,,,,,,,,3,0,3,1,1,0,,2,1,1,1,,,0,,,"0,00",1,,,1,1,1,,,,,,,
Public Class,"com.example.UserServiceApplicationTests",3,0,3,0,1,1,3,3,0,,0,0,,,1,0,1,13,0,0,1,,,,,,9,2,7,5,0,0,,2,2,0,,1,1,0,0,0,"0,00",1,,0,,,0,,,,,,,
Public Method,"com.example.UserServiceApplicationTests.contextLoads",,,,,,,,,,,,,,,,,,,,,,,,,,,3,0,3,2,0,0,,1,1,0,1,,,0,,,"0,00",1,,,0,0,0,,,,,,,
Package,"com.example.dto",3,0,3,0,1,,,,,4,0,0,,4,27,9,27,,0,0,27,,,,,,188,43,109,48,30,36,,78,48,30,,1,,0,,,"0,33",27,,0,,,47,,,,,,,
Public Class,"com.example.dto.MovieDTO",3,0,3,0,1,1,2,0,0,,0,0,,,9,3,9,21,0,0,9,,,,,,51,13,34,13,11,4,,24,13,11,,1,1,0,59,59,"0,12",9,,0,,,14,,,,,,,
Public Constructor,"com.example.dto.MovieDTO.MovieDTO",,,,,,,,,,,,,,,,,,,,,,,,,,,2,0,2,1,0,0,,1,1,0,1,,,0,,,"0,00",1,,,0,1,0,,,,,,,
Public Constructor,"com.example.dto.MovieDTO.MovieDTO",,,,,,,,,,,,,,,,,,,,,,,,,,,4,0,4,1,2,0,,3,1,2,1,,,0,,,"0,00",1,,,3,3,2,,,,,,,
Public Constructor,"com.example.dto.MovieDTO.MovieDTO",,,,,,,,,,,,,,,,,,,,,,,,,,,5,0,5,1,3,0,,4,1,3,1,,,0,,,"0,00",1,,,4,4,3,,,,,,,
Public Method,"com.example.dto.MovieDTO.getLikes",,,,,,,,,,,,,,,,,,,,,,,,,,,3,0,3,1,1,0,,2,1,1,1,,,0,,,"0,00",1,,,1,1,1,,,,,,,
Public Method,"com.example.dto.MovieDTO.getMovieId",,,,,,,,,,,,,,,,,,,,,,,,,,,3,0,3,1,1,0,,2,1,1,1,,,0,,,"0,00",1,,,1,1,1,,,,,,,
Public Method,"com.example.dto.MovieDTO.getName",,,,,,,,,,,,,,,,,,,,,,,,,,,3,0,3,1,1,0,,2,1,1,1,,,0,,,"0,00",1,,,1,1,1,,,,,,,
Public Method,"com.example.dto.MovieDTO.setLikes",,,,,,,,,,,,,,,,,,,,,,,,,,,3,0,3,1,1,0,,2,1,1,1,,,0,,,"0,00",1,,,1,1,1,,,,,,,
Public Method,"com.example.dto.MovieDTO.setMovieId",,,,,,,,,,,,,,,,,,,,,,,,,,,3,0,3,1,1,0,,2,1,1,1,,,0,,,"0,00",1,,,1,1,1,,,,,,,
Public Method,"com.example.dto.MovieDTO.setName",,,,,,,,,,,,,,,,,,,,,,,,,,,3,0,3,1,1,0,,2,1,1,1,,,0,,,"0,00",1,,,1,1,1,,,,,,,
Public Class,"com.example.dto.RecommendationDTO",3,0,3,0,1,1,3,1,0,,0,0,,,6,2,6,18,0,0,6,,,,,,35,8,23,9,7,4,,16,9,7,,1,1,0,42,42,"0,17",6,,0,,,9,,,,,,,
Public Constructor,"com.example.dto.RecommendationDTO.RecommendationDTO",,,,,,,,,,,,,,,,,,,,,,,,,,,3,0,3,1,1,0,,2,1,1,1,,,0,,,"0,00",1,,,1,3,1,,,,,,,
Public Constructor,"com.example.dto.RecommendationDTO.RecommendationDTO",,,,,,,,,,,,,,,,,,,,,,,,,,,4,0,4,1,2,0,,3,1,2,1,,,0,,,"0,00",1,,,2,3,2,,,,,,,
Public Method,"com.example.dto.RecommendationDTO.getMovies",,,,,,,,,,,,,,,,,,,,,,,,,,,3,0,3,1,1,0,,2,1,1,1,,,0,,,"0,00",1,,,3,1,1,,,,,,,
Public Method,"com.example.dto.RecommendationDTO.getUser",,,,,,,,,,,,,,,,,,,,,,,,,,,3,0,3,1,1,0,,2,1,1,1,,,0,,,"0,00",1,,,1,1,1,,,,,,,
Public Method,"com.example.dto.RecommendationDTO.setMovies",,,,,,,,,,,,,,,,,,,,,,,,,,,3,0,3,1,1,0,,2,1,1,1,,,0,,,"0,00",1,,,1,1,1,,,,,,,
Public Method,"com.example.dto.RecommendationDTO.setUser",,,,,,,,,,,,,,,,,,,,,,,,,,,3,0,3,1,1,0,,2,1,1,1,,,0,,,"0,00",1,,,2,1,1,,,,,,,
Public Class,"com.example.dto.RecommendedMovieDTO",3,0,3,0,1,1,1,0,0,,0,0,,,6,2,6,18,0,0,6,,,,,,34,8,22,9,6,4,,15,9,6,,1,1,0,50,50,"0,18",6,,0,,,8,,,,,,,
Public Constructor,"com.example.dto.RecommendedMovieDTO.RecommendedMovieDTO",,,,,,,,,,,,,,,,,,,,,,,,,,,2,0,2,1,0,0,,1,1,0,1,,,0,,,"0,00",1,,,0,1,0,,,,,,,
Public Constructor,"com.example.dto.RecommendedMovieDTO.RecommendedMovieDTO",,,,,,,,,,,,,,,,,,,,,,,,,,,4,0,4,1,2,0,,3,1,2,1,,,0,,,"0,00",1,,,2,3,2,,,,,,,
Public Method,"com.example.dto.RecommendedMovieDTO.getId",,,,,,,,,,,,,,,,,,,,,,,,,,,3,0,3,1,1,0,,2,1,1,1,,,0,,,"0,00",1,,,1,1,1,,,,,,,
Public Method,"com.example.dto.RecommendedMovieDTO.getLikes",,,,,,,,,,,,,,,,,,,,,,,,,,,3,0,3,1,1,0,,2,1,1,1,,,0,,,"0,00",1,,,1,1,1,,,,,,,
Public Method,"com.example.dto.RecommendedMovieDTO.setId",,,,,,,,,,,,,,,,,,,,,,,,,,,3,0,3,1,1,0,,2,1,1,1,,,0,,,"0,00",1,,,1,1,1,,,,,,,
Public Method,"com.example.dto.RecommendedMovieDTO.setLikes",,,,,,,,,,,,,,,,,,,,,,,,,,,3,0,3,1,1,0,,2,1,1,1,,,0,,,"0,00",1,,,1,1,1,,,,,,,
Public Class,"com.example.dto.UserDTO",3,0,3,0,1,1,2,0,0,,0,0,,,6,2,6,18,0,0,6,,,,,,35,9,22,9,6,4,,15,9,6,,1,1,0,50,50,"0,18",6,,0,,,8,,,,,,,
Public Constructor,"com.example.dto.UserDTO.UserDTO",,,,,,,,,,,,,,,,,,,,,,,,,,,2,0,2,1,0,0,,1,1,0,1,,,0,,,"0,00",1,,,0,1,0,,,,,,,
Public Constructor,"com.example.dto.UserDTO.UserDTO",,,,,,,,,,,,,,,,,,,,,,,,,,,4,0,4,1,2,0,,3,1,2,1,,,0,,,"0,00",1,,,2,3,2,,,,,,,
Public Method,"com.example.dto.UserDTO.getId",,,,,,,,,,,,,,,,,,,,,,,,,,,3,0,3,1,1,0,,2,1,1,1,,,0,,,"0,00",1,,,1,1,1,,,,,,,
Public Method,"com.example.dto.UserDTO.getName",,,,,,,,,,,,,,,,,,,,,,,,,,,3,0,3,1,1,0,,2,1,1,1,,,0,,,"0,00",1,,,1,1,1,,,,,,,
Public Method,"com.example.dto.UserDTO.setId",,,,,,,,,,,,,,,,,,,,,,,,,,,3,0,3,1,1,0,,2,1,1,1,,,0,,,"0,00",1,,,1,1,1,,,,,,,
Public Method,"com.example.dto.UserDTO.setName",,,,,,,,,,,,,,,,,,,,,,,,,,,3,0,3,1,1,0,,2,1,1,1,,,0,,,"0,00",1,,,1,1,1,,,,,,,
Package,"com.example.service",12,0,12,1,1,,,,,7,0,1,,4,9,1,9,,1,0,2,,,,,,174,27,111,85,41,39,,79,64,32,,1,,0,,,"0,35",8,,6,,,73,,,,,,,
Public Interface,"com.example.service.MovieService",0,0,0,0,0,0,4,3,0,,0,0,,,2,0,2,2,0,0,0,,,,,,10,3,7,6,0,0,,3,3,0,,0,0,0,0,0,"0,00",0,,2,,,2,,,,,,,
Abstract Method,"com.example.service.MovieService.getMovies",,,,,,,,,,,,,,,,,,,,,,,,,,,2,0,2,2,0,0,,1,1,0,0,,,0,,,"0,00",0,,,2,1,1,,,,,,,
Abstract Method,"com.example.service.MovieService.insertDummyData",,,,,,,,,,,,,,,,,,,,,,,,,,,2,0,2,2,0,0,,1,1,0,0,,,0,,,"0,00",0,,,2,0,1,,,,,,,
Public Class,"com.example.service.RecommendationClientService",17,1,17,1,1,1,21,12,0,,0,1,,,3,1,3,15,1,0,2,,,,,,71,10,57,34,41,7,,37,22,32,,1,1,0,67,67,"0,12",6,,0,,,34,,,,,,,
Private Method,"com.example.service.RecommendationClientService.getMovies",,,,,,,,,,,,,,,,,,,,,,,,,,,13,0,13,9,10,1,,10,6,9,1,,,0,,,"0,08",2,,,4,5,9,,,,,,,
Lambda Method,"com.example.service.RecommendationClientService.getMovies.(lambda_expr_1)",,,,,,,,,,,,,,,,,,,,,,,,,,,8,0,8,5,5,1,,4,2,4,1,,,0,,,"0,13",1,,,3,4,4,,,,,,,
Anonymous Class,"com.example.service.RecommendationClientService.getMovies.(lambda_expr_1).(Anon_3)",0,0,0,0,0,1,0,0,0,,0,0,,,0,0,0,12,0,0,0,,,,,,0,0,0,0,0,0,,0,0,0,,0,2,0,0,0,"0,00",0,,0,,,0,,,,,,,
Public Method,"com.example.service.RecommendationClientService.getRecommendationData",,,,,,,,,,,,,,,,,,,,,,,,,,,28,2,26,13,22,1,,16,9,15,1,,,0,,,"0,04",2,,,7,13,15,,,,,,,
Anonymous Class,"com.example.service.RecommendationClientService.getRecommendationData.(Anon_2)",0,0,0,0,0,1,0,0,0,,0,0,,,0,0,0,12,0,0,0,,,,,,0,0,0,0,0,0,,0,0,0,,0,2,0,0,0,"0,00",0,,0,,,0,,,,,,,
Lambda Method,"com.example.service.RecommendationClientService.getRecommendationData.(lambda_expr_1)",,,,,,,,,,,,,,,,,,,,,,,,,,,15,0,15,5,14,0,,7,3,7,1,,,0,,,"0,00",2,,,3,4,7,,,,,,,
Lambda Method,"com.example.service.RecommendationClientService.getRecommendationData.(lambda_expr_1).(lambda_expr_2)",,,,,,,,,,,,,,,,,,,,,,,,,,,11,0,11,4,10,0,,4,3,4,1,,,0,,,"0,00",2,,,2,13,4,,,,,,,
Lambda Method,"com.example.service.RecommendationClientService.getRecommendationData.(lambda_expr_1).(lambda_expr_2).(lambda_expr_3)",,,,,,,,,,,,,,,,,,,,,,,,,,,1,0,1,0,1,0,,0,0,0,1,,,0,,,"0,00",1,,,1,4,0,,,,,,,
Public Method,"com.example.service.RecommendationClientService.getUserDetails",,,,,,,,,,,,,,,,,,,,,,,,,,,11,0,11,6,8,1,,8,4,7,1,,,0,,,"0,09",2,,,4,4,7,,,,,,,
Lambda Method,"com.example.service.RecommendationClientService.getUserDetails.(lambda_expr_1)",,,,,,,,,,,,,,,,,,,,,,,,,,,7,0,7,4,5,1,,4,2,4,1,,,0,,,"0,14",1,,,4,5,4,,,,,,,
Anonymous Class,"com.example.service.RecommendationClientService.getUserDetails.(lambda_expr_1).(Anon_1)",0,0,0,0,0,1,0,0,0,,0,0,,,0,0,0,12,0,0,0,,,,,,0,0,0,0,0,0,,0,0,0,,0,2,0,0,0,"0,00",0,,0,,,0,,,,,,,
Public Interface,"com.example.service.RecommendationService",0,0,0,0,0,0,3,3,0,,0,0,,,1,0,1,1,0,0,0,,,,,,7,2,5,4,0,0,,2,2,0,,0,0,0,0,0,"0,00",0,,1,,,1,,,,,,,
Abstract Method,"com.example.service.RecommendationService.insertDummyData",,,,,,,,,,,,,,,,,,,,,,,,,,,2,0,2,2,0,0,,1,1,0,0,,,0,,,"0,00",0,,,2,0,1,,,,,,,
Public Interface,"com.example.service.UserService",0,0,0,0,0,0,7,5,0,,0,0,,,3,0,3,3,0,0,0,,,,,,13,4,9,8,0,0,,4,4,0,,0,0,0,0,0,"0,00",0,,3,,,3,,,,,,,
Abstract Method,"com.example.service.UserService.createUser",,,,,,,,,,,,,,,,,,,,,,,,,,,2,0,2,2,0,0,,1,1,0,0,,,0,,,"0,00",0,,,2,0,1,,,,,,,
Abstract Method,"com.example.service.UserService.getUser",,,,,,,,,,,,,,,,,,,,,,,,,,,2,0,2,2,0,0,,1,1,0,0,,,0,,,"0,00",0,,,3,1,1,,,,,,,
Abstract Method,"com.example.service.UserService.getUsers",,,,,,,,,,,,,,,,,,,,,,,,,,,2,0,2,2,0,0,,1,1,0,0,,,0,,,"0,00",0,,,2,1,1,,,,,,,
Unknown Annotation,"com.netflix.hystrix.contrib.javanica.annotation.HystrixCommand",,,,,,,,,,,,,,,,,,,,,,,,,,,,,,,,,,,,,,,,,,,"0,00",,,,,,,,,,,,,
File,"data.sql",0,0,0,0,0,,,,,0,,,0,,,,,,,,,,,0,,0,61,1,51,0,0,9,0,0,0,0,,0,,0,,,"0,18",0,,,,,,,,,0,0,"0,00","0,00"
Unknown Annotation,"javax.persistence.Entity",,,,,,,,,,,,,,,,,,,,,,,,,,,,,,,,,,,,,,,,,,,"0,00",,,,,,,,,,,,,
Unknown Annotation,"javax.persistence.GeneratedValue",,,,,,,,,,,,,,,,,,,,,,,,,,,,,,,,,,,,,,,,,,,"0,00",,,,,,,,,,,,,
Unknown Annotation,"javax.persistence.Id",,,,,,,,,,,,,,,,,,,,,,,,,,,,,,,,,,,,,,,,,,,"0,00",,,,,,,,,,,,,
File,"nbactions.xml",0,0,0,0,0,,,,,0,,,0,,,,,,,,,,,,,,17,0,17,,,0,,0,0,0,0,0,,0,,,"0,00",0,0,,,,,,,,0,0,"0,00","0,00"
File,"nbactions.xml",0,0,0,0,0,,,,,0,,,0,,,,,,,,,,,,,,17,0,17,,,0,,0,0,0,0,0,,0,,,"0,00",0,0,,,,,,,,0,0,"0,00","0,00"
File,"nbactions.xml",0,0,0,0,0,,,,,0,,,0,,,,,,,,,,,,,,31,0,31,,,0,,0,0,0,0,0,,0,,,"0,00",0,0,,,,,,,,0,0,"0,00","0,00"
File,"nbactions.xml",0,0,0,0,0,,,,,0,,,0,,,,,,,,,,,,,,17,0,17,,,0,,0,0,0,0,0,,0,,,"0,00",0,0,,,,,,,,0,0,"0,00","0,00"
File,"nbactions.xml",0,0,0,0,0,,,,,0,,,0,,,,,,,,,,,,,,46,0,46,,,0,,0,0,0,0,0,,0,,,"0,00",0,0,,,,,,,,0,0,"0,00","0,00"
Unknown Annotation,"org.hibernate.validator.constraints.Email",,,,,,,,,,,,,,,,,,,,,,,,,,,,,,,,,,,,,,,,,,,"0,00",,,,,,,,,,,,,
Unknown Annotation,"org.junit.Test",,,,,,,,,,,,,,,,,,,,,,,,,,,,,,,,,,,,,,,,,,,"0,00",,,,,,,,,,,,,
Unknown Annotation,"org.junit.runner.RunWith",,,,,,,,,,,,,,,,,,,,,,,,,,,,,,,,,,,,,,,,,,,"0,00",,,,,,,,,,,,,
Unknown Annotation,"org.neo4j.ogm.annotation.GraphId",,,,,,,,,,,,,,,,,,,,,,,,,,,,,,,,,,,,,,,,,,,"0,00",,,,,,,,,,,,,
Unknown Annotation,"org.neo4j.ogm.annotation.NodeEntity",,,,,,,,,,,,,,,,,,,,,,,,,,,,,,,,,,,,,,,,,,,"0,00",,,,,,,,,,,,,
Unknown Annotation,"org.neo4j.ogm.annotation.Relationship",,,,,,,,,,,,,,,,,,,,,,,,,,,,,,,,,,,,,,,,,,,"0,00",,,,,,,,,,,,,
Unknown Annotation,"org.springframework.beans.factory.annotation.Autowired",,,,,,,,,,,,,,,,,,,,,,,,,,,,,,,,,,,,,,,,,,,"0,00",,,,,,,,,,,,,
Unknown Annotation,"org.springframework.boot.autoconfigure.SpringBootApplication",,,,,,,,,,,,,,,,,,,,,,,,,,,,,,,,,,,,,,,,,,,"0,00",,,,,,,,,,,,,
Unknown Annotation,"org.springframework.boot.test.context.SpringBootTest",,,,,,,,,,,,,,,,,,,,,,,,,,,,,,,,,,,,,,,,,,,"0,00",,,,,,,,,,,,,
Unknown Annotation,"org.springframework.cloud.client.circuitbreaker.EnableCircuitBreaker",,,,,,,,,,,,,,,,,,,,,,,,,,,,,,,,,,,,,,,,,,,"0,00",,,,,,,,,,,,,
Unknown Annotation,"org.springframework.cloud.client.discovery.EnableDiscoveryClient",,,,,,,,,,,,,,,,,,,,,,,,,,,,,,,,,,,,,,,,,,,"0,00",,,,,,,,,,,,,
Unknown Annotation,"org.springframework.cloud.client.loadbalancer.LoadBalanced",,,,,,,,,,,,,,,,,,,,,,,,,,,,,,,,,,,,,,,,,,,"0,00",,,,,,,,,,,,,
Unknown Annotation,"org.springframework.cloud.config.server.EnableConfigServer",,,,,,,,,,,,,,,,,,,,,,,,,,,,,,,,,,,,,,,,,,,"0,00",,,,,,,,,,,,,
Unknown Annotation,"org.springframework.cloud.netflix.eureka.EnableEurekaClient",,,,,,,,,,,,,,,,,,,,,,,,,,,,,,,,,,,,,,,,,,,"0,00",,,,,,,,,,,,,
Unknown Annotation,"org.springframework.cloud.netflix.eureka.server.EnableEurekaServer",,,,,,,,,,,,,,,,,,,,,,,,,,,,,,,,,,,,,,,,,,,"0,00",,,,,,,,,,,,,
Unknown Annotation,"org.springframework.cloud.netflix.feign.EnableFeignClients",,,,,,,,,,,,,,,,,,,,,,,,,,,,,,,,,,,,,,,,,,,"0,00",,,,,,,,,,,,,
Unknown Annotation,"org.springframework.cloud.netflix.feign.FeignClient",,,,,,,,,,,,,,,,,,,,,,,,,,,,,,,,,,,,,,,,,,,"0,00",,,,,,,,,,,,,
Unknown Annotation,"org.springframework.cloud.netflix.hystrix.dashboard.EnableHystrixDashboard",,,,,,,,,,,,,,,,,,,,,,,,,,,,,,,,,,,,,,,,,,,"0,00",,,,,,,,,,,,,
Unknown Annotation,"org.springframework.cloud.netflix.zuul.EnableZuulProxy",,,,,,,,,,,,,,,,,,,,,,,,,,,,,,,,,,,,,,,,,,,"0,00",,,,,,,,,,,,,
Unknown Annotation,"org.springframework.context.annotation.Bean",,,,,,,,,,,,,,,,,,,,,,,,,,,,,,,,,,,,,,,,,,,"0,00",,,,,,,,,,,,,
Unknown Annotation,"org.springframework.context.annotation.Configuration",,,,,,,,,,,,,,,,,,,,,,,,,,,,,,,,,,,,,,,,,,,"0,00",,,,,,,,,,,,,
Unknown Annotation,"org.springframework.context.annotation.Scope",,,,,,,,,,,,,,,,,,,,,,,,,,,,,,,,,,,,,,,,,,,"0,00",,,,,,,,,,,,,
Unknown Annotation,"org.springframework.data.annotation.CreatedDate",,,,,,,,,,,,,,,,,,,,,,,,,,,,,,,,,,,,,,,,,,,"0,00",,,,,,,,,,,,,
Unknown Annotation,"org.springframework.data.annotation.Id",,,,,,,,,,,,,,,,,,,,,,,,,,,,,,,,,,,,,,,,,,,"0,00",,,,,,,,,,,,,
Unknown Annotation,"org.springframework.data.mongodb.core.index.Indexed",,,,,,,,,,,,,,,,,,,,,,,,,,,,,,,,,,,,,,,,,,,"0,00",,,,,,,,,,,,,
Unknown Annotation,"org.springframework.data.mongodb.core.mapping.Document",,,,,,,,,,,,,,,,,,,,,,,,,,,,,,,,,,,,,,,,,,,"0,00",,,,,,,,,,,,,
Unknown Annotation,"org.springframework.data.mongodb.repository.config.EnableMongoRepositories",,,,,,,,,,,,,,,,,,,,,,,,,,,,,,,,,,,,,,,,,,,"0,00",,,,,,,,,,,,,
Unknown Annotation,"org.springframework.data.neo4j.annotation.Query",,,,,,,,,,,,,,,,,,,,,,,,,,,,,,,,,,,,,,,,,,,"0,00",,,,,,,,,,,,,
Unknown Annotation,"org.springframework.data.neo4j.annotation.QueryResult",,,,,,,,,,,,,,,,,,,,,,,,,,,,,,,,,,,,,,,,,,,"0,00",,,,,,,,,,,,,
Unknown Annotation,"org.springframework.data.neo4j.repository.config.EnableNeo4jRepositories",,,,,,,,,,,,,,,,,,,,,,,,,,,,,,,,,,,,,,,,,,,"0,00",,,,,,,,,,,,,
Unknown Annotation,"org.springframework.stereotype.Service",,,,,,,,,,,,,,,,,,,,,,,,,,,,,,,,,,,,,,,,,,,"0,00",,,,,,,,,,,,,
Unknown Annotation,"org.springframework.transaction.annotation.EnableTransactionManagement",,,,,,,,,,,,,,,,,,,,,,,,,,,,,,,,,,,,,,,,,,,"0,00",,,,,,,,,,,,,
Unknown Annotation,"org.springframework.web.bind.annotation.GetMapping",,,,,,,,,,,,,,,,,,,,,,,,,,,,,,,,,,,,,,,,,,,"0,00",,,,,,,,,,,,,
Unknown Annotation,"org.springframework.web.bind.annotation.PathVariable",,,,,,,,,,,,,,,,,,,,,,,,,,,,,,,,,,,,,,,,,,,"0,00",,,,,,,,,,,,,
Unknown Annotation,"org.springframework.web.bind.annotation.RequestMapping",,,,,,,,,,,,,,,,,,,,,,,,,,,,,,,,,,,,,,,,,,,"0,00",,,,,,,,,,,,,
Unknown Annotation,"org.springframework.web.bind.annotation.RequestParam",,,,,,,,,,,,,,,,,,,,,,,,,,,,,,,,,,,,,,,,,,,"0,00",,,,,,,,,,,,,
Unknown Annotation,"org.springframework.web.bind.annotation.RestController",,,,,,,,,,,,,,,,,,,,,,,,,,,,,,,,,,,,,,,,,,,"0,00",,,,,,,,,,,,,
File,"pom.xml",0,0,0,0,0,,,,,0,,,0,,,,,,,,,,,,,,62,10,52,,,1,,0,0,0,0,0,,0,,,"0,02",0,0,,,,,,,,0,0,"0,00","0,00"
File,"pom.xml",0,0,0,0,0,,,,,0,,,0,,,,,,,,,,,,,,66,10,56,,,1,,0,0,0,0,0,,0,,,"0,02",0,0,,,,,,,,0,0,"0,00","0,00"
File,"pom.xml",0,0,0,0,0,,,,,0,,,0,,,,,,,,,,,,,,125,14,109,,,3,,0,0,0,0,0,,0,,,"0,03",0,0,,,,,,,,0,0,"0,00","0,00"
File,"pom.xml",0,0,0,0,0,,,,,0,,,0,,,,,,,,,,,,,,104,11,93,,,1,,0,0,0,0,0,,0,,,"0,01",0,0,,,,,,,,0,0,"0,00","0,00"
File,"pom.xml",0,0,0,0,0,,,,,0,,,0,,,,,,,,,,,,,,87,10,77,,,1,,0,0,0,0,0,,0,,,"0,01",0,0,,,,,,,,0,0,"0,00","0,00"
File,"pom.xml",0,0,0,0,0,,,,,0,,,0,,,,,,,,,,,,,,90,10,80,,,0,,0,0,0,0,0,,0,,,"0,00",0,0,,,,,,,,0,0,"0,00","0,00"
